actual,predicted,feature_1,feature_2
0,0,-0.427017,-0.777507
0,0,-1.296556,-1.278853
0,0,-1.363513,-0.959407
0,0,-0.388123,-0.733793
0,0,-0.744801,-0.070512
1,1,1.023636,1.831608
1,1,0.339381,1.082156
0,0,-0.503130,-0.303077
0,0,-0.713317,-0.578486
0,0,-0.471462,0.003398
0,0,-0.174947,-0.333919
0,0,-0.932585,-0.139932
1,1,0.945422,0.631098
1,1,1.951376,0.402486
1,1,2.108518,1.060870
1,1,1.097626,1.213783
0,0,-0.152563,-0.824959
0,0,-0.493855,-0.207515
0,0,-0.825021,-0.299442
0,0,-0.692400,0.010375
0,0,-0.011962,-0.611208
1,1,0.396698,-0.029308
0,0,-0.771589,-0.577658
0,0,-0.306802,-1.639035
0,0,-1.673118,-0.062945
1,1,-0.127674,0.636860
1,1,1.187469,-0.316594
1,1,-0.075029,0.826936
1,1,0.875848,0.103920
0,0,-1.016706,-0.412942
0,0,0.122778,-1.133618
0,0,-0.526338,0.263510
0,0,-1.472827,-0.744187
1,1,0.803677,-0.398437
0,0,-1.135353,-1.166279
0,0,-1.607728,-0.731808
0,0,0.648601,-1.119082
1,1,1.350143,1.101112
1,1,0.929770,-0.400684
0,0,-1.271979,0.323924
1,1,2.332695,0.565086
0,0,-1.569558,-0.197799
0,0,-0.806308,-1.191683
0,0,-1.095717,-0.483001
0,0,-0.540852,-0.808374
0,0,-0.574803,-1.543972
0,0,-0.659013,-0.573510
0,0,-0.655303,-1.722449
1,1,0.625247,-0.228554
0,0,-0.829121,-0.662800
1,1,1.590225,0.550563
1,1,1.276826,2.256225
1,1,0.779549,1.500687
1,1,0.373650,1.597410
1,1,0.918341,1.631967
1,1,0.176395,0.920130
1,1,0.208799,0.463725
1,1,1.155543,1.395868
0,0,-0.227995,-0.964060
0,0,-1.522450,-1.062404
1,1,-0.141902,0.283863
1,1,0.944661,0.526089
1,1,-0.294794,1.503909
0,0,-0.219948,-0.722553
1,1,-0.249670,0.837037
1,1,2.951930,1.086544
0,0,-1.354059,-0.530895
1,1,1.372174,1.290842
1,1,0.513089,-0.307255
0,0,-1.232770,-1.153771
1,1,0.808434,1.371160
0,0,-1.053784,-0.648561
1,1,0.865915,1.544763
0,0,-0.410890,-1.060794
1,1,2.139791,0.897991
0,0,-1.124696,-0.391485
0,0,-1.010039,-0.829068
0,0,-0.927392,-1.107748
1,1,-0.314449,0.846073
1,1,2.003006,0.065638
1,1,0.478064,0.822312
1,1,1.361139,1.251313
0,0,-0.428797,-1.391472
0,0,-1.470218,-0.362256
0,0,-0.783974,-0.743394
0,0,-0.750463,-0.553011
0,0,-1.734172,-0.385193
0,0,-0.881271,-1.267428
0,0,-0.752333,-0.763088
0,0,-1.462412,-1.327478
0,0,-1.330490,-0.919863
0,0,-0.932445,-1.408034
0,0,-0.509680,-1.581309
0,0,-1.052654,-0.814365
0,0,-1.379041,-0.264915
0,0,-1.566555,-0.579220
0,0,-0.560427,-0.613629
1,1,1.179012,0.185906
1,1,1.981381,1.493280
1,1,2.307373,0.872510
0,0,-0.932014,-1.580164
0,0,-0.248918,0.121131
0,0,-0.006930,-0.335869
1,1,0.009072,0.633224
1,1,0.686775,0.272528
1,1,1.443795,1.538646
0,0,-2.123567,-0.533758
1,1,1.254388,0.546112
0,0,-0.652359,-0.952387
0,0,-0.674625,-0.570172
1,0,0.462808,-0.587409
1,1,1.724941,0.748609
1,1,1.746389,0.145885
0,0,-0.903983,-0.893745
1,1,0.551353,1.122010
1,1,0.847810,0.714582
1,1,1.394764,1.095952
0,0,-0.383215,-0.893847
0,0,-1.106054,-0.245175
1,1,1.438061,1.049956
0,0,-0.239559,-0.346128
0,0,-1.167115,-0.801741
1,1,0.394118,1.199838
0,0,-0.928158,-0.050624
0,0,-1.899774,-0.395570
1,1,0.575438,-0.456257
1,1,0.781261,1.087149
1,1,-0.294454,1.228640
0,0,-2.099625,-1.495486
0,0,-0.137766,-0.872786
1,1,1.534168,0.055911
0,0,-0.799324,-0.712973
1,1,2.149986,0.700563
1,1,0.735950,-0.359507
0,0,-1.126765,-0.880598
0,0,-1.112802,-1.563736
0,0,-0.529441,-0.725449
0,0,-0.697654,-1.158089
0,0,-0.644282,-1.259611
1,1,0.394953,1.479108
1,1,1.480014,1.534426
0,0,-0.152829,-1.220746
0,0,-0.555001,-1.205170
0,0,-0.506126,-0.668509
1,1,1.719854,0.597236
1,1,0.250249,0.669522
0,0,0.608090,-1.252208
0,0,-0.695059,-1.382424
0,0,-1.048730,-1.231119
0,0,-0.580422,-1.109777
0,0,-0.913028,-0.413062
1,1,0.092888,0.609707
0,0,-0.877666,0.041351
0,0,-0.191208,-1.443713
0,0,-0.515184,-1.009282
1,1,0.852996,1.256947
1,1,1.238300,1.434974
0,0,-1.115626,-1.028198
1,1,0.879056,0.520703
1,1,0.538888,0.692014
0,0,-1.259565,-0.476199
0,0,-0.297977,-1.196029
1,1,0.056784,0.225737
0,0,-0.634661,-0.383191
1,1,0.786747,1.353255
0,0,-0.956584,-1.362089
0,0,-0.211769,-0.131633
1,1,1.377871,0.996584
1,1,0.243072,0.436602
0,0,-1.806860,-1.182991
0,0,-0.835655,-1.192728
0,0,-0.753763,-0.633441
0,0,-0.058530,-0.661453
1,1,1.174153,0.178475
1,1,0.769541,1.205063
0,0,-1.013287,0.458927
0,0,-1.029482,-1.236377
1,1,0.756969,0.159849
0,0,0.126639,-1.325487
0,0,-1.194957,-0.744970
0,0,-0.660458,-0.594701
1,0,-0.282546,-0.571993
1,1,1.578135,-1.204117
1,1,0.923973,0.480248
1,1,1.185319,1.789828
0,0,-1.145315,-1.123085
0,0,-0.980506,-0.749955
1,0,-0.207687,0.130229
1,1,-0.110900,1.416996
0,0,-0.626615,-0.389056
1,1,-0.205877,0.873884
0,0,-0.293843,-0.843252
0,0,-1.021795,0.041651
0,0,-1.797608,-1.116470
1,1,0.883793,1.285152
0,0,-0.980956,-1.102579
0,0,-0.625929,-0.422435
0,0,-0.284627,-0.699306
1,1,0.285327,0.818706
0,0,-1.170439,-0.268243
1,1,1.082190,0.670164
1,1,0.546158,0.548078
1,1,1.638778,1.006825
1,1,1.067455,0.912181
1,1,1.056947,1.603916
1,1,2.319872,0.743615
1,1,1.209839,0.959392
0,0,-1.467530,-0.497418
1,1,1.177403,0.598509
1,1,0.914434,0.969905
1,1,0.256037,0.490458
0,0,0.357695,-2.021401
0,0,-0.900686,-1.711473
0,0,-0.655790,-0.961952
1,1,1.065320,0.087341
1,1,0.427956,0.950172
0,0,-1.082113,0.502540
0,0,-1.247689,-0.140330
0,0,-0.946598,-0.099369
1,1,0.491184,0.962133
0,0,0.000264,-0.614764
0,0,-1.220010,-0.522496
0,0,-1.180583,-1.913801
1,0,-0.236161,0.009879
1,1,0.217533,0.917585
0,0,-1.692166,-0.595702
1,1,0.885120,1.280794
1,1,2.098147,0.562527
0,0,-1.488377,-0.353281
0,0,-0.452220,-1.667448
0,0,-1.127040,-0.828870
1,1,1.843661,0.851802
1,1,0.633815,1.721688
0,0,-0.693580,-0.971920
0,0,-1.388677,-1.554208
0,0,-0.785354,-0.776129
0,0,-1.420514,-0.752103
1,1,0.812968,0.528171
0,0,-1.442488,-0.513624
0,0,-1.092587,-0.254644
1,1,1.557658,0.464671
0,0,-0.747678,-0.864615
0,0,-0.515119,-1.277878
1,1,0.105293,1.014814
0,0,-0.686848,-0.959536
0,0,-0.227525,-1.245058
1,1,0.713567,1.260481
0,0,-1.593947,-0.629806
0,0,-1.431794,-1.052263
1,1,0.178175,0.281502
1,1,1.755168,1.195849
1,1,1.249523,0.344869
0,0,-0.638857,-1.178412
1,1,1.974760,0.020930
1,1,0.299059,2.091516
0,0,-0.588323,-0.664685
0,0,-1.261018,-0.334596
1,1,1.678790,0.694194
0,0,-1.014873,-0.343243
0,0,-1.141311,-1.326434
1,1,0.235302,1.928274
1,1,1.002463,0.595369
0,0,-0.853818,-1.111555
1,1,1.071933,1.576280
1,1,1.470004,2.039899
1,1,1.518673,-0.145462
1,1,1.454180,1.220072
1,1,0.322104,1.390988
0,0,-0.907621,-1.383427
0,0,-1.145622,-1.877644
0,0,-0.599079,-0.900283
0,0,-0.179441,-0.559814
0,0,-1.228462,-1.312869
0,0,-1.036097,-1.141571
1,1,0.444369,1.348515
0,0,-1.257923,-0.158183
0,0,-1.278824,-0.811696
1,1,0.991656,0.943139
1,1,1.112191,0.788546
1,1,1.109569,1.708967
0,0,-0.833956,-1.493809
1,1,0.686345,0.268258
0,0,-0.839051,-1.200048
1,1,0.581680,0.597521
0,0,-0.893864,-1.254955
1,1,0.785482,0.959842
0,0,-0.188055,-0.635312
1,1,0.897775,0.671237
0,0,-0.732657,-0.975457
0,0,-0.922472,-0.497781
0,0,-1.319555,-0.939301
0,0,0.203897,-0.809072
0,0,-0.402055,-1.010587
0,0,0.523349,-0.439407
0,0,-1.652434,-1.200324
1,1,0.618424,1.066922
1,1,0.497603,0.196883
1,1,-0.192522,0.574366
0,0,-0.132252,-1.074856
1,1,0.696427,0.590300
0,0,-0.748453,-0.571104
0,0,-1.553077,-1.321777
0,0,-0.471467,-0.363777
1,1,1.261549,1.184743
0,0,-1.623689,-0.548739
0,0,-0.789887,-1.149422
1,1,-0.520618,1.007397
1,1,1.107980,0.260438
0,0,-0.482050,-1.016805
1,1,2.587033,0.607189
0,0,-1.133627,-0.547326
1,1,0.460683,1.628527
1,1,0.240104,-0.092153
1,1,0.826588,2.298796
0,0,-1.088828,-0.432312
0,0,-0.270217,-1.114370
0,0,0.047543,-0.975779
0,0,-0.974662,-1.209594
0,0,-1.052903,-0.999056
0,0,-0.775923,-0.390208
1,1,0.473702,1.284207
1,0,-0.386117,0.355305
1,1,0.604365,0.751232
1,1,2.369046,0.883120
0,0,-0.974821,-0.902670
0,0,-0.322100,-0.983534
0,0,-0.574344,-0.629202
1,1,0.794260,-0.032225
0,0,-1.087375,-1.178475
1,1,0.826042,1.645047
1,1,0.905377,2.424426
0,0,-1.965339,0.013794
0,0,-1.695442,-1.032173
0,0,-0.663056,-0.420930
1,1,0.658851,1.185267
1,1,1.624738,0.813487
0,0,-1.806441,-0.938614
1,1,1.186679,0.416566
0,0,-0.736439,-1.267640
0,0,-0.232015,-1.480805
1,1,-0.364974,1.199999
0,0,-0.635051,-0.719377
1,1,0.867521,1.319290
1,1,1.234480,1.472005
1,1,0.987746,-0.536811
1,1,0.667317,0.755073
0,0,-0.191769,-1.057890
0,0,-1.768652,-0.313192
0,0,-1.039254,-1.129139
0,0,-0.707358,-1.574030
1,1,0.052285,0.844588
1,1,0.808263,1.093821
0,0,-1.642933,-1.981876
1,1,-0.406233,1.938379
0,0,-1.263164,-0.353852
1,1,0.822805,0.105307
1,1,0.982778,1.363639
0,0,-0.769019,-1.156163
1,1,0.711590,0.738421
0,0,-0.415255,-0.406291
1,1,0.970808,1.536775
1,1,-0.473513,1.821384
1,1,0.936933,-0.518901
0,0,0.323978,-0.906224
1,1,-0.145490,0.435802
1,1,0.235312,-0.010807
0,0,0.460114,-1.099815
1,1,1.545450,1.133163
1,1,0.464925,1.313460
0,0,-1.267970,-0.358825
1,1,-0.405580,2.163719
0,0,-0.712714,-1.061434
0,0,-0.755486,-0.838031
1,1,0.285111,2.871322
1,1,-0.371630,0.575555
1,1,1.202364,0.124232
1,1,0.820155,1.069864
1,1,2.335480,-0.023066
1,1,0.690186,1.717360
1,1,0.277957,1.290738
1,1,0.364536,0.619021
0,0,-0.767682,-0.662208
1,1,1.413303,1.244980
1,1,1.545880,0.769099
0,0,-1.367358,-1.111093
1,1,1.191607,2.202523
0,0,-0.723914,-1.325962
0,0,-0.065083,-1.032505
1,1,0.257361,0.589108
1,1,1.384318,1.826838
1,1,-0.139640,0.342320
1,1,0.344021,0.391567
1,1,0.769627,1.331185
1,1,1.293392,1.541283
1,1,0.610107,1.186559
1,1,0.535284,0.113605
0,0,-1.190754,0.009468
0,0,-0.816684,-1.438239
0,0,-0.842901,-1.157647
0,0,-0.834498,-1.000346
0,0,-0.266842,-0.813725
0,0,-1.677648,-0.519906
1,1,1.084968,0.530824
1,1,0.705150,0.448359
0,0,-0.493364,-1.447272
1,1,1.425391,2.469303
0,0,0.308619,-0.917628
1,1,1.250836,-0.247341
0,0,-1.103277,-0.314327
0,0,-0.405207,-1.007242
1,1,0.699467,2.358260
0,0,-0.591179,-0.738001
0,0,-0.203278,-0.655580
1,1,1.680524,0.934068
0,0,-1.407174,-0.079409
0,0,-0.585699,-0.682853
0,0,-0.872018,-1.247725
0,0,-1.185264,-1.259688
1,1,1.551309,0.457887
0,0,-0.695121,-0.770562
1,1,1.455581,1.592936
0,0,-0.773958,0.192866
1,1,0.568431,2.468104
1,1,0.538063,2.180480
1,1,0.935841,0.209302
1,1,0.110943,0.227312
1,1,0.532309,0.815872
0,0,-0.786683,-1.093600
1,1,-0.371309,0.881069
0,0,-0.549647,-0.861655
1,1,0.689734,0.560069
0,0,0.347312,-1.486292
0,0,-0.435602,-1.229399
1,1,-0.272870,1.411735
1,1,0.513199,1.022875
0,0,-1.338822,-0.807373
1,0,-0.364195,-0.484961
0,0,-1.150817,-1.186111
0,0,-1.006772,-1.153593
0,0,-0.299647,-0.729481
0,0,0.136188,-1.072051
0,0,-1.140149,-0.952613
0,0,0.150677,-1.019384
1,1,1.082947,0.888857
1,1,0.953207,0.937330
0,0,-1.206360,-0.450634
1,1,1.066329,-0.413749
0,0,-1.480652,-0.168584
0,0,-0.676295,-1.122632
0,0,-0.384112,-0.321619
1,1,0.687724,0.924887
0,0,-0.865626,-0.584430
0,0,-0.581726,-1.138379
1,1,1.637150,0.748310
1,1,-0.008939,0.738973
0,0,-1.331461,-0.979917
0,1,0.077112,0.308789
0,0,-1.100218,-0.883253
0,0,-0.181526,-0.598665
1,1,1.250280,0.112854
0,0,-1.607857,-1.109410
1,1,1.296278,1.176958
1,1,-0.077191,2.067699
0,0,-0.358856,-0.576505
1,1,-0.286937,1.441182
1,1,1.001500,0.955661
1,1,-0.209081,1.250908
1,1,-0.262031,0.675023
0,0,-2.019937,-0.967888
1,1,1.932631,1.399767
0,0,-1.550229,-0.384561
0,0,-1.271370,-0.413150
0,0,-0.997729,-0.925152
0,1,0.047430,0.173105
1,1,-0.223067,1.560272
0,0,-0.927421,-0.462364
1,1,0.154250,0.088437
1,1,2.266764,-0.003068
0,0,-0.784185,-0.868906
0,0,-0.558984,-1.074328
0,0,-1.504135,-1.047793
0,0,-0.787797,0.269484
1,1,1.740238,-0.173676
0,0,-0.317057,-1.151123
0,0,-1.067239,-0.752770
0,0,-1.002503,-0.655438
1,1,2.308979,1.025025
0,0,-0.175907,-1.031307
1,1,1.854585,0.152963
0,0,-1.027626,-0.521247
0,0,-1.215618,-0.592951
0,0,-1.034293,-0.567290
1,1,2.250448,0.183348
0,0,-0.788016,-0.478635
1,1,0.553882,0.533845
0,0,-1.089439,-0.601704
1,1,0.215548,0.959454
1,1,0.729485,-0.109110
0,0,-1.480438,-1.255156
1,0,0.671041,-0.836711
0,0,-1.530328,-1.018847
0,0,-0.990746,-0.144225
0,0,-0.205722,-0.593364
1,1,1.554603,0.028181
0,0,-1.147008,-0.875029
0,0,-1.049292,-0.114767
0,0,-1.113855,-0.426003
1,1,1.336828,0.223490
0,0,-0.255980,-1.125747
1,1,0.339258,0.839599
1,1,0.782836,0.694966
1,1,1.778351,1.592006
0,0,-0.671464,0.190289
0,0,-0.672563,0.102798
0,0,-0.211684,-1.151960
1,1,1.298159,1.140746
1,1,1.313084,-0.271489
1,1,1.099944,1.348476
1,1,0.523877,0.511007
1,1,1.691659,0.955935
0,0,-0.505996,-0.050989
1,1,1.012405,0.385025
1,1,0.172466,0.466647
0,0,-1.010325,-0.431770
0,0,-0.633588,-1.198894
1,1,0.983046,0.307544
1,1,0.702217,0.127334
0,0,-0.271512,-1.432644
0,0,-1.117360,-0.857769
0,0,-0.290789,-1.120075
0,0,-0.479594,-0.396267
0,0,-0.344530,-0.712931
0,0,-0.788488,-0.774207
0,0,-1.226787,-0.744214
0,0,-0.783984,-0.453844
0,0,-0.390381,-1.092597
0,0,-1.196646,-0.551501
1,1,0.470324,0.755125
0,0,-1.120022,-0.255310
0,0,-1.088516,-1.070224
1,1,0.564638,1.028770
0,0,-0.912353,-0.085733
0,0,-0.374365,-0.761787
0,0,-1.176674,-1.027407
0,0,-1.329892,-1.213735
1,1,1.395307,1.042001
1,0,-0.347129,0.238174
1,1,1.360600,1.294848
1,1,0.923920,1.379020
1,1,1.242258,0.301194
0,0,-0.576772,-1.504233
1,1,0.253194,0.658529
1,1,1.509399,0.696531
0,0,-1.214864,-1.608846
1,0,-1.223628,0.616634
0,0,-0.947185,-0.666491
0,0,-0.515005,-1.194895
1,1,0.699050,0.407994
0,0,-0.790584,-0.449618
0,0,-0.337509,-1.652614
1,1,0.420020,1.796631
1,1,1.652892,0.889127
1,1,1.894384,1.108647
0,0,-0.652919,-0.867498
0,0,-0.595923,-0.743532
1,1,0.890680,1.293358
0,0,-0.851681,-0.823882
1,1,1.052749,-0.639572
0,0,-1.174673,-0.636954
1,1,0.449230,1.670442
0,0,-0.433461,-0.196588
1,1,1.852589,1.508268
1,1,0.676083,0.424187
0,0,-1.022871,-1.240015
1,1,1.000387,1.455063
1,1,1.145734,1.348851
0,0,-0.415316,-0.969389
0,0,-0.344448,-0.837219
0,0,-1.664386,-1.657771
1,1,0.116174,1.748523
0,0,-1.142161,-0.238434
1,1,1.147825,0.293086
1,1,1.099410,-0.189475
0,0,-0.904172,-0.529470
1,1,0.790527,1.193099
1,1,1.849180,0.018209
1,1,-0.457269,1.559724
1,1,1.514298,0.969154
1,1,1.769185,-0.216069
0,0,-1.389402,-0.274126
0,0,0.099000,-1.382916
0,0,-1.142169,-1.266960
1,1,0.974867,2.316757
1,1,0.771448,0.734271
0,0,-1.029662,-0.838059
1,1,1.931955,1.124672
1,1,0.655292,1.103429
0,0,-1.485667,-1.488350
1,1,0.012655,0.476986
0,0,-1.079481,-0.526387
1,1,0.782021,1.550800
1,1,0.796271,0.477127
0,0,-1.239491,-0.281817
0,0,-0.449198,-0.918806
1,1,-0.738031,1.813733
1,1,0.968089,0.088815
1,1,0.715939,1.522312
0,0,-1.005374,-1.172285
1,1,0.498500,0.728854
1,1,0.446509,0.311347
0,0,-0.578916,-0.740746
0,0,-0.415198,-0.950494
1,1,0.884529,1.697152
1,1,1.070956,1.421029
0,0,-0.542355,-1.140505
1,1,-0.038687,1.627093
1,1,0.951776,1.501245
0,0,-0.917378,-1.607901
1,1,1.294810,-0.713940
0,0,-0.791095,-0.280821
0,0,-0.872771,-1.530987
0,0,-0.555725,-1.079624
1,1,0.162289,0.983282
0,0,-0.581629,-0.986992
1,1,0.141583,0.992702
0,0,-1.011121,-0.998594
1,1,1.019182,0.751927
0,0,-0.148516,-0.213602
1,1,0.966028,0.291495
0,0,-0.995493,-1.478848
1,1,1.047396,0.868446
0,0,-1.015928,-0.277507
1,1,1.386135,0.008676
0,0,-1.100646,-1.045106
0,0,-1.240347,-1.381922
1,1,1.050983,1.964152
0,0,-0.466810,-1.181893
1,1,0.684602,1.479102
1,1,0.518419,1.179485
0,0,-1.013234,-0.766221
0,0,-0.734874,-0.132975
0,0,-0.925358,-2.118846
1,1,-0.187289,2.931974
0,0,-0.912564,-1.210364
0,0,-0.165366,-0.538021
1,1,-0.048021,1.847079
0,0,-1.594860,-0.630527
0,0,-0.428907,-1.351161
0,0,-1.096064,-1.078682
1,1,0.515265,1.111756
1,1,0.582263,1.195142
1,1,0.060439,2.432160
0,0,-0.992231,-0.159308
1,1,0.409867,0.112471
1,1,0.270341,-0.090812
1,1,-0.606155,0.994860
0,0,-0.889001,-1.247973
1,1,2.301708,1.787642
0,0,-0.740820,-1.193243
1,1,0.403823,0.348395
1,1,0.758019,0.631889
0,1,0.248478,-0.120302
1,1,0.847433,0.594219
1,0,0.056019,-0.141713
0,0,0.018668,-0.877773
1,1,1.538810,0.700474
0,0,-1.327037,-0.659418
1,1,0.850764,0.762041
0,0,-0.987818,-1.048731
1,1,1.570853,2.179265
1,1,0.811923,1.237703
0,0,-1.158310,-0.251953
1,1,0.386875,0.208308
1,1,1.038209,1.118892
1,1,-0.045995,0.803207
0,0,-0.629004,-1.079973
0,0,-0.799667,-0.758782
0,0,-0.164205,-0.867950
0,0,-0.320789,-0.864142
1,1,0.819876,0.101940
1,1,0.835277,0.640830
1,1,0.603087,1.548885
1,0,-0.642679,-0.050034
0,0,-1.360141,-1.165364
1,1,2.310137,0.925448
0,0,-0.604987,-1.865823
0,0,-0.937250,-0.262285
1,1,1.029005,1.672951
0,0,-0.283074,-1.092683
0,0,-1.714208,-0.362982
0,0,-0.232336,-1.365811
1,1,1.077056,-0.064658
0,0,-0.465875,-0.439465
0,0,-0.564174,-1.038815
0,0,-1.065805,-1.038819
1,1,0.519569,1.998122
0,0,-0.854008,-0.883328
0,0,-0.398510,-1.256286
0,0,-1.162365,-0.910689
1,1,2.453491,1.442778
0,0,-0.986664,-0.568445
1,1,-0.093636,1.832696
0,0,-0.605957,-1.193306
0,0,-1.479538,-0.534413
1,1,0.191689,0.222045
1,1,0.939857,1.486455
1,1,0.489923,0.328357
1,1,1.010056,0.822033
0,0,-0.964770,-0.878909
0,0,-1.245886,-1.423753
1,1,1.179049,0.702124
1,1,1.041007,1.180947
1,1,-0.202598,1.397817
0,0,-0.211822,-0.939962
1,1,-0.848498,1.127850
0,0,-0.292546,-1.314817
0,0,-0.968126,-0.232919
0,0,-0.924058,-0.433955
0,0,-0.590226,0.277309
0,0,-0.563719,-1.217085
1,1,0.820391,-0.154728
1,1,0.810901,1.164602
0,0,-0.571137,-1.044074
0,0,-0.804847,-1.300275
1,1,0.496851,0.910609
0,0,-0.556124,-1.426700
0,0,-0.772880,-1.625375
1,1,0.708716,1.536935
1,1,0.512633,1.510985
0,0,-0.724465,-1.340005
1,1,0.633137,0.321964
1,1,1.359570,0.903323
1,1,1.104417,0.997662
1,1,1.408229,0.617747
0,0,-1.436579,-0.349712
1,1,0.469198,1.601899
0,0,-0.860490,-0.583085
1,1,0.097030,0.305175
0,0,-0.577378,-1.257801
1,1,1.318121,1.131305
0,0,-0.950442,-0.460243
1,1,1.113502,0.930046
0,0,-1.102867,-1.857580
1,1,0.907690,1.592041
0,0,-0.759583,-2.115373
1,1,1.076520,0.082469
0,0,-1.536568,-0.587572
0,0,-1.601725,-0.667544
1,1,1.214163,0.890723
1,1,1.236526,1.799912
0,0,-1.074510,-0.500495
1,1,0.798024,1.054066
1,1,0.847074,0.914450
1,1,0.970886,0.965709
0,0,-1.335224,-1.314326
0,0,-1.038686,-0.886012
1,1,1.718053,1.470071
1,1,0.451945,-0.069821
1,1,-0.085951,1.134731
1,1,0.249590,0.474807
0,0,-1.274267,-0.441438
0,0,-0.451962,-0.598356
0,0,-1.142099,-0.478411
1,1,0.728572,0.763947
0,0,-0.303581,-0.127132
0,0,-0.745549,-0.855955
1,1,0.309274,1.260011
1,1,1.647037,1.700470
1,1,0.399976,-0.208604
0,0,-0.602978,-1.173160
1,1,0.307036,-0.045908
0,0,-0.599409,-1.935668
1,1,0.505283,1.247671
0,0,-1.008905,-1.272826
0,0,0.610050,-0.778784
0,0,-0.559313,-0.803438
1,1,0.324056,0.034344
1,1,-0.142876,1.012852
0,0,-0.360368,-1.014538
0,0,-1.040185,-1.155236
1,1,2.149559,0.603422
0,0,-1.085197,-1.047050
0,0,-0.762218,-1.728817
1,1,1.169274,0.347279
1,1,1.022935,1.315094
0,0,-1.243450,-0.541744
1,1,1.717318,2.080120
1,1,1.104541,1.491351
0,0,-0.294610,-2.081377
1,1,0.914360,-0.024751
0,0,-0.825171,-0.918975
0,0,-0.577396,-0.510942
1,1,2.069955,-0.866356
1,1,0.138292,1.018474
0,0,0.311680,-1.471844
1,1,0.727000,1.356265
0,0,-1.325523,-0.615106
1,1,1.363597,1.525942
0,0,-1.465618,-0.238239
0,0,-0.762657,-0.739798
0,0,-0.537062,-1.361594
0,0,-1.235334,-0.434509
0,0,0.004308,-0.214813
1,1,-0.087771,1.011197
1,1,-0.824821,1.343955
1,1,1.262556,0.435966
0,0,0.208680,-0.785863
0,0,-0.761440,-0.755578
0,0,-0.955534,-1.240454
0,0,-0.871267,-0.701417
1,1,0.133076,2.022956
0,0,-1.193109,-1.116337
0,0,-0.528037,-0.971926
0,0,-0.859454,-0.571941
1,1,0.624258,0.896201
0,0,-0.688934,-1.398267
0,0,-0.694075,0.061242
0,0,-0.606456,-1.016307
1,1,0.941877,0.795266
0,0,-0.249247,-0.768293
1,1,0.293204,1.409712
1,1,-0.821555,1.304609
1,1,0.658102,0.904007
0,0,-1.476777,-0.265726
0,0,-0.588162,-1.199156
1,0,0.203966,-0.614730
1,1,1.191770,-0.229378
0,0,-0.149470,-0.946766
1,1,0.347891,1.628798
0,0,-1.028047,-1.038639
1,1,0.737423,0.980557
0,0,-0.344874,-0.813358
1,1,0.930823,0.812178
1,1,0.988340,-0.166563
0,0,-0.372204,-0.736367
0,0,-1.073652,-0.075743
0,0,-0.840946,-0.500648
1,1,1.311561,0.281660
1,1,0.236978,1.744808
0,0,-0.199480,-1.563782
1,1,0.103792,0.832964
1,1,-0.409223,1.013398
0,0,-0.911772,-0.370406
1,1,0.792827,0.889977
1,1,0.898171,1.465596
1,1,0.956100,1.245601
1,1,0.723094,0.488188
0,0,-1.083413,-0.657333
1,1,1.155622,0.431385
0,0,-0.674998,0.341949
1,1,1.759371,0.176785
1,1,0.014657,1.259555
1,1,1.829444,0.220987
0,0,-0.775008,-0.870056
1,1,2.121219,1.273862
1,1,0.018921,0.524228
1,1,2.257967,-0.230774
1,1,-0.118993,0.711460
1,1,0.691023,0.671940
0,0,-0.937711,-0.425022
1,1,0.345138,2.234531
0,0,-1.412406,-0.526835
0,0,-0.758407,0.097862
1,1,1.119065,-0.545463
0,0,-0.417875,-1.057919
1,1,-0.071641,1.349057
0,0,-0.796646,0.032125
0,0,-0.113057,-2.039387
1,1,0.321292,0.014120
0,0,-0.997340,-0.264719
1,1,1.151746,-0.250485
1,1,0.273401,0.658021
0,0,-0.055325,-1.826988
1,1,0.888879,-0.462247
0,0,-0.897010,-0.425144
0,0,0.045625,-1.001904
1,1,0.728425,2.099914
1,1,0.251737,0.295855
1,0,-0.140323,-0.311817
0,0,-0.479857,-1.549572
0,0,0.214045,-0.618120
1,1,1.700718,1.071514
0,0,-0.854643,-0.410877
1,1,0.690890,1.126256
0,0,-1.596950,-0.843355
1,1,0.208597,1.045080
1,1,0.485483,1.106578
1,0,-0.887196,-0.124979
1,1,0.464521,0.411975
1,1,1.465966,1.209497
1,1,0.770304,1.117797
1,1,1.465125,1.476121
1,1,1.559869,0.198154
1,1,-0.123811,0.578486
0,0,-1.301824,-0.023224
0,0,-0.799615,-0.763241
0,0,-0.818404,-0.898896
1,1,2.191119,0.707674
0,0,0.085817,-0.943680
1,1,0.549155,-0.160916
1,1,0.394335,0.992449
0,0,-0.608725,-1.001422
1,1,0.100853,0.617877
0,0,-0.053551,-1.260347
1,1,-0.312082,1.039089
1,1,0.566632,0.844774
0,0,-1.148991,-0.785729
1,1,0.918917,-0.759048
1,1,1.419707,0.789310
1,1,0.786191,0.196220
1,1,0.586296,0.027436
0,0,-1.179708,-0.805184
0,0,-0.673626,-0.924998
0,0,-1.190910,-0.708519
1,1,1.022335,-0.155863
0,0,-0.360079,-0.289897
0,0,-0.997398,-0.651241
1,1,0.851421,1.586074
0,0,-1.767644,-1.210406
0,0,-0.602102,-1.872676
1,1,-0.731792,1.043506
0,0,-0.896696,-1.042276
1,1,-0.140603,1.586979
1,1,0.960513,0.882769
0,0,-0.498391,-0.645845
1,1,0.553084,0.557482
0,0,0.037736,-1.016751
0,0,-1.059545,0.052306
0,0,-1.153713,-0.431101
0,0,-1.489532,-0.327103
1,1,0.762690,0.368996
0,0,-0.444314,-1.179767
1,1,0.681428,2.479196
0,0,-0.599804,-1.091249
1,1,0.596674,-0.242035
1,1,0.493542,1.156406
1,1,0.337045,0.411428
0,0,-0.695602,-0.963504
0,0,-1.279639,-1.619829
0,0,0.012954,-0.657829
1,1,0.197775,0.740103
1,1,2.115963,0.658158
1,1,0.748834,1.382223
1,1,0.831226,0.514048
1,1,0.723537,1.817232
0,0,-1.588329,-0.695143
1,1,0.480966,2.080621
1,1,0.747764,1.591881
1,1,-0.219852,1.596352
0,0,-0.570675,-0.784984
1,1,1.682354,1.201734
1,1,0.950941,0.618172
0,0,-0.374817,-1.164425
1,1,1.571494,0.208392
1,1,0.946008,1.712322
1,1,2.307775,0.978502
0,0,-0.818540,-0.042861
1,0,-1.320330,0.007868
1,1,-0.134877,2.661293
0,0,-0.299251,-0.119138
0,0,-1.815098,-1.408823
1,1,0.475212,0.952621
1,1,-0.003582,0.602476
1,1,0.993322,0.254575
0,0,-0.388693,-0.756367
1,1,1.206554,0.233206
0,0,-0.600806,0.101701
1,1,0.803241,0.781705
1,1,-0.241780,1.092818
1,1,0.744420,-0.556249
1,1,0.832901,-0.230354
1,1,1.159330,0.884682
0,0,0.000167,-0.257055
0,0,-1.892898,-1.358169
1,1,0.819892,0.837343
0,0,-0.724620,-0.242033
1,1,0.591639,1.216342
0,0,-1.367422,-1.101624
1,1,2.153366,0.846722
0,0,-0.391657,-0.153149
1,1,2.040824,1.063748
1,1,1.535042,-0.028207
0,0,-0.395651,-1.018844
1,1,-0.315693,0.880433
1,0,-0.327200,0.052529
1,1,1.205017,-0.254821
1,1,1.002274,0.646574
1,1,1.036452,1.161364
0,0,0.301062,-0.550883
1,1,0.659665,1.064569
1,1,1.238324,1.500797
0,0,-1.695189,-0.309182
1,1,1.216440,0.317520
0,0,-0.115488,-0.290563
1,1,1.341151,0.819400
0,0,-1.972163,-0.227626
0,0,0.021140,-0.267688
1,1,-0.281165,2.809255
0,0,-0.267323,-0.438118
1,1,0.315894,-0.011372
0,0,-1.436687,-0.040188
0,0,-0.448876,-0.806939
0,0,-0.072461,-0.785255
1,1,0.370831,1.336208
1,1,0.784898,0.793291
1,1,0.568278,1.311936
1,0,-0.370697,0.213810
1,1,1.798864,1.391467
1,1,-0.305473,0.485590
1,1,1.948248,0.282435
1,1,0.088715,1.346313
1,1,0.883026,0.619417
1,1,0.564018,0.487351
1,1,1.098376,0.728125
0,0,-0.674504,-0.865601
1,1,0.806629,-0.143894
1,1,1.084838,1.581780
0,0,-0.998289,0.309125
1,1,0.389162,0.861186
1,1,-0.452125,1.518127
1,1,1.092830,1.341304
1,1,0.870426,1.662629
1,1,1.861941,1.453488
1,1,0.785296,1.081619
1,1,0.692317,1.119461
0,0,-1.457083,-1.646208
1,1,0.711825,1.059542
1,1,1.342494,0.049734
0,0,-0.964088,-0.556327
1,1,0.440302,1.113316
0,0,-0.269245,-0.718624
1,1,1.351098,-0.540781
1,1,0.425452,0.276816
0,0,-1.165869,-0.752849
0,0,-0.319008,-0.699708
1,0,0.253031,-0.642717
0,0,-0.165384,-0.556567
0,0,-0.230235,-0.863374
1,1,-0.711205,1.514324
1,1,2.327289,0.740543
0,0,-0.964672,0.094951
0,0,-0.048651,-0.400462
1,1,1.535257,0.497916
1,0,0.589989,-0.991609
1,1,1.842188,1.060654
1,1,1.078482,0.676916
1,1,0.432589,-0.046007
0,0,-1.147260,-1.204225
1,1,1.609006,0.035794
1,1,0.301164,0.421023
0,0,-1.652067,-0.815554
1,1,1.329716,1.476882
0,0,-1.028787,-1.676947
0,0,-0.492240,-0.133331
1,1,0.671529,1.533163
0,0,-1.284394,-0.362738
0,0,-0.067745,-0.769527
0,0,-0.954831,-0.650855
1,1,0.874114,2.490197
0,0,-0.722660,-0.925986
1,1,0.695714,1.481948
1,1,1.911158,2.035176
1,1,0.901068,0.411424
0,0,-0.563124,-1.252301
1,1,1.558051,0.810855
0,0,0.122444,-0.083743
1,1,1.736387,0.411339
0,0,-0.364649,-1.096823
0,0,-0.799901,-0.524635
1,1,-0.019851,0.353212
1,1,1.526335,1.241410
1,1,0.090781,0.096876
0,0,-0.981402,-0.678207
1,1,0.533405,0.741622
1,1,1.978164,1.347404
1,1,0.331097,1.122132
0,0,-1.020989,-0.734061
1,1,0.997083,0.621113
0,0,-0.756777,-0.049232
1,0,-1.087376,-0.065971
1,1,1.365735,1.112637
0,0,-0.597451,-0.457359
0,0,-0.689768,-1.362256
0,0,-1.222108,-1.586580
0,0,-1.450495,-0.604301
1,1,0.024271,0.547564
1,0,-0.098760,-0.094270
1,1,1.698587,1.226200
0,0,-0.293544,-0.751695
0,0,-0.611068,-0.600128
1,1,1.300431,0.913711
0,0,-1.751522,-0.916105
1,1,1.340246,0.623478
1,1,1.826810,-0.228273
1,1,1.567002,0.495157
0,0,-0.722498,-0.030975
0,0,-0.909413,-0.978338
1,1,1.150234,0.945718
1,1,-0.010428,1.530289
1,1,1.122709,0.277395
0,0,-1.453234,-1.172520
1,1,1.518039,0.767395
0,0,-1.067809,-1.069039
0,0,-0.977254,-1.687417
1,1,1.050776,0.535168
0,0,-0.377148,-0.187919
1,1,0.834488,0.965247
0,0,0.453015,-0.828259
1,1,0.518316,1.421356
0,0,-0.887474,-0.534579
1,1,2.505445,0.112628
0,0,-1.231332,-0.643639
0,0,-0.876124,-0.932836
1,1,1.291298,-0.494761
0,0,-0.901664,-0.765157
1,1,0.696540,0.671283
1,1,1.915810,0.056862
0,0,-1.484010,-0.826194
0,0,-1.007561,-1.000292
0,0,-1.503254,-0.595598
1,1,2.272555,1.438841
0,0,-1.141114,-1.385159
1,1,1.650553,0.218004
1,1,0.084350,0.516287
0,1,0.476398,-0.078025
0,0,-1.233680,-1.165327
1,1,0.093372,0.026134
1,1,0.148465,0.757218
1,1,1.097827,0.631332
0,0,-1.276371,-0.780932
1,0,0.439989,-0.362944
0,0,-1.064022,-0.265867
1,1,2.397423,0.775846
0,0,-1.521796,-0.053921
0,0,-0.554503,-1.097569
0,0,-1.288827,-1.527908
0,0,-1.012625,-0.369336
1,1,0.144705,0.421708
1,0,-0.082137,-0.506286
0,0,-0.313347,-0.678379
0,0,-0.927730,-0.135452
1,0,-0.866068,0.321693
1,1,0.198721,0.518343
1,1,0.586316,-0.243602
1,1,0.059248,0.015784
0,0,-0.855607,-1.617500
1,1,1.004086,0.958359
0,0,-0.942618,-1.135390
0,0,-1.955845,-1.117754
1,1,1.201057,0.665428
1,1,1.887842,0.630711
1,1,1.972508,-0.019234
1,1,0.657666,1.141687
0,0,-0.716576,-0.700226
1,1,0.780980,1.554546
1,1,1.116099,0.889638
1,1,0.559122,1.001717
1,1,2.168953,0.442454
0,0,-0.454691,-0.911666
0,0,-0.975512,-1.164254
0,0,-1.493316,-0.589039
0,0,-1.253342,-0.598436
1,1,1.325658,1.469109
1,1,0.141630,1.172956
1,1,0.453970,0.277197
1,1,0.409611,1.384595
0,0,-0.546200,-0.623203
1,1,-0.081014,1.762382
0,0,-1.050632,-1.232259
0,0,-1.399661,-0.694021
1,1,0.940065,0.268614
0,0,-0.712149,-0.565057
1,1,0.320481,0.763883
1,1,1.185520,0.584788
1,1,0.698860,-0.257427
0,0,-0.554037,-0.872237
0,0,-0.433572,-0.619705
0,0,-0.316840,-0.088960
1,1,0.433400,1.056756
1,1,1.130441,2.877971
1,1,-0.098315,2.004053
1,1,0.623030,-0.055780
0,0,-1.578013,-0.675918
1,1,-0.282340,1.398973
0,0,-0.923827,-0.434491
1,0,-0.461995,0.294581
0,0,-0.469264,-0.719468
1,1,0.269241,0.727375
1,1,1.782339,1.387575
0,0,-0.716015,-1.868550
1,1,-0.022605,0.513943
0,0,-1.478309,-1.230370
1,1,0.801568,1.102961
0,0,-0.947473,-0.519568
1,1,0.002072,0.251681
1,1,0.055395,0.055036
0,0,-0.595294,-0.938597
0,0,-0.553559,-0.484060
0,0,-0.490901,-1.372033
1,1,0.449540,-0.028516
0,0,-1.112850,-0.380643
0,0,-1.171462,-0.622542
0,0,-0.704445,-1.228178
1,1,0.680641,0.578281
0,0,-1.002225,-0.107919
0,0,0.228056,-1.365149
1,1,0.377386,0.964839
1,1,1.743899,0.103214
1,1,0.713624,-0.395448
0,0,-0.768874,-1.384819
1,1,0.858490,1.025907
0,0,-1.327779,-0.529100
0,0,-0.324572,-1.272587
1,1,1.090299,0.953028
0,0,-1.320379,-0.957189
0,0,-0.746348,-1.560664
1,1,2.017202,-0.449032
1,0,-0.385175,-1.096070
0,0,-2.029486,-1.005849
0,0,-1.058358,-1.195475
1,1,0.051913,2.482910
1,1,1.316076,1.042876
0,0,-1.588733,-0.976756
0,0,-0.979042,-1.188606
0,0,-0.094184,-0.595836
0,0,-0.491303,-0.259596
0,0,-1.201455,-0.393017
1,1,0.670496,1.203158
0,0,-1.699507,-0.612791
0,0,-0.744853,-1.195089
0,0,-0.754757,-2.048503
1,1,0.829567,-0.310268
0,0,-0.834259,-1.310923
1,1,0.912994,-0.266849
1,1,1.079378,1.062104
1,1,1.994669,0.358512
0,0,-0.172543,-0.678152
1,1,-0.710693,0.775779
0,0,-0.609247,-0.118376
1,1,0.656706,2.446658
0,1,0.294208,-0.142954
0,0,-1.087903,-0.492539
0,0,0.025846,-0.613517
0,0,-1.089237,-0.734108
0,0,-0.581675,-1.251653
1,0,-0.748419,0.346168
1,0,0.781977,-0.822746
0,0,-1.650855,-0.963874
0,0,-0.306227,-0.725435
0,0,-1.190559,-0.810331
1,1,0.644283,1.158426
1,1,1.969110,0.330037
1,1,2.126367,-0.133243
1,1,0.878524,0.970498
1,1,2.437410,-0.999879
0,0,-1.317502,-0.926230
0,0,-0.752912,-0.026120
0,0,-0.957666,-1.543038
1,1,1.400638,1.841304
1,1,0.158532,0.437586
1,1,0.193167,1.147281
1,1,0.597008,-0.013040
1,1,0.194847,0.042359
1,1,0.568963,0.443652
0,0,-1.147004,-1.039794
1,1,0.011324,1.669438
0,0,0.175614,-0.190081
1,1,0.600737,0.593607
0,0,0.282556,-0.563376
0,0,-0.573291,-0.711090
1,1,1.271977,0.427821
0,0,-1.302162,-0.654556
0,0,-1.414599,-1.172702
1,1,0.254345,0.580895
1,1,1.129269,0.791907
1,1,0.871693,0.330835
1,1,1.751808,0.362662
0,0,-0.131219,-0.766747
0,0,-0.611522,-1.052646
1,1,0.102880,0.354712
0,0,-0.902618,-0.301143
0,0,-0.359621,-1.263354
1,1,0.706254,0.687464
1,1,0.540808,-0.126197
0,0,-1.503326,0.083162
1,1,1.579722,-0.061041
1,1,1.153501,1.499399
1,1,0.088694,0.316254
1,1,1.313684,1.275218
1,1,-0.101985,1.012411
1,1,0.626155,-0.475115
0,0,-0.855238,-0.561762
0,0,-1.733829,-0.439769
0,0,-1.104169,-0.105956
1,1,-0.246556,1.768305
1,1,0.277672,0.900799
0,0,-0.101610,-0.202749
1,1,1.280283,0.544466
0,0,-0.454184,-0.433693
0,0,-0.414839,-0.801129
1,1,1.535606,0.418818
0,0,-1.268524,-1.888910
1,1,0.869297,1.548897
1,1,-0.013434,1.740165
1,0,0.434274,-0.465122
1,1,0.934637,0.908888
0,0,-0.805861,-1.473279
1,1,0.999386,1.214961
1,1,0.436721,0.510992
0,0,-0.816509,-0.857938
0,0,-1.184855,0.180710
0,0,-0.888413,-0.077845
0,0,-0.800304,-0.590816
0,0,-0.451827,-0.526250
0,0,-1.050064,-1.134364
1,1,-0.485648,1.716678
1,1,0.398827,0.432668
0,0,-0.491999,-0.298770
0,0,-0.837386,-1.052088
0,0,-0.346026,-0.551313
1,1,0.713154,1.097807
0,0,-0.411458,-1.306677
1,1,1.392447,0.459100
0,0,0.175941,-1.074050
1,1,1.201714,0.453077
0,0,-0.136811,-1.015938
0,0,-0.530123,-1.011548
1,1,1.189160,0.419079
1,1,-0.273664,0.696965
0,0,-0.762285,-0.679876
1,0,0.523531,-0.433441
1,1,1.191058,1.951543
1,1,1.139199,0.871341
1,1,0.883268,0.218283
0,0,-1.385681,-0.194933
0,0,-0.147118,-0.370750
0,0,-0.589193,-0.239033
1,1,1.334015,0.670245
1,1,2.435128,0.993021
1,1,1.247860,1.098102
0,0,-0.542630,-0.920741
0,1,0.601330,-0.380279
1,1,1.786301,0.103512
1,1,0.542721,0.997926
1,1,0.205026,0.543758
0,0,-1.175350,-0.735307
1,1,-0.679043,1.235699
0,0,-0.613874,-0.467330
0,0,-0.893959,-0.390466
0,0,-0.295157,-1.089452
0,0,-1.392117,-0.802270
0,0,-0.945371,-1.310144
1,1,0.369083,0.067337
0,0,-0.141075,-0.201800
0,0,-0.039131,-1.054059
1,1,0.260762,1.104511
0,0,-1.403258,-0.790910
1,1,0.717616,2.063303
1,1,1.739878,1.896002
0,0,-0.581791,-0.782958
1,1,1.162123,2.245948
1,1,1.409205,1.819518
1,1,0.852936,1.268397
1,0,-0.058331,-0.575121
1,1,0.355709,2.341460
0,0,-0.333728,-0.892395
1,1,1.009496,0.288696
1,1,0.623095,1.322937
0,0,-1.237595,-0.978835
0,0,-0.589627,-0.122354
0,0,-0.978482,-1.288413
1,1,1.011629,0.084920
1,1,1.330474,-0.295554
0,0,-0.679568,-1.358334
0,0,-0.941719,-0.520742
1,1,0.683708,1.687298
1,1,0.123332,1.177309
0,0,-0.979654,-1.056136
1,1,0.053688,0.644404
1,1,0.892069,0.934302
1,1,1.860347,1.655351
1,1,1.357395,0.976688
0,0,-1.175123,-0.849119
1,1,0.010498,1.080309
0,0,-0.605861,-1.440792
0,0,-1.161986,-1.284167
0,0,-0.341917,-1.429987
1,0,-0.728617,0.026769
0,0,-1.253591,-1.078150
0,0,-1.134299,-1.133740
1,1,1.351883,-0.327494
1,1,0.986246,0.945932
1,1,1.975892,0.226023
1,1,0.394731,0.993896
0,0,-0.936912,-0.386768
1,1,1.049288,-0.252757
1,1,1.693873,0.933583
1,0,-0.570563,-0.151204
1,1,1.073223,1.659758
