epoch,train_error,val_error
0,0.721088,0.595238
1,0.721088,0.595238
2,0.721088,0.595238
3,0.721088,0.595238
4,0.707483,0.595238
5,0.707483,0.595238
6,0.707483,0.595238
7,0.700680,0.571429
8,0.700680,0.571429
9,0.693878,0.571429
10,0.693878,0.547619
11,0.673469,0.547619
12,0.666667,0.547619
13,0.653061,0.547619
14,0.639456,0.547619
15,0.625850,0.523810
16,0.612245,0.523810
17,0.605442,0.476190
18,0.578231,0.452381
19,0.564626,0.452381
20,0.564626,0.500000
21,0.544218,0.500000
22,0.544218,0.452381
23,0.537415,0.452381
24,0.537415,0.476190
25,0.523810,0.428571
26,0.517007,0.428571
27,0.523810,0.428571
28,0.530612,0.428571
29,0.517007,0.428571
30,0.517007,0.428571
31,0.523810,0.428571
32,0.523810,0.452381
33,0.537415,0.452381
34,0.537415,0.452381
35,0.564626,0.476190
36,0.571429,0.476190
37,0.591837,0.476190
38,0.591837,0.476190
39,0.598639,0.500000
40,0.598639,0.500000
41,0.632653,0.523810
42,0.632653,0.523810
43,0.646259,0.523810
44,0.646259,0.547619
45,0.646259,0.547619
46,0.659864,0.571429
47,0.666667,0.571429
48,0.666667,0.595238
49,0.666667,0.642857
50,0.687075,0.666667
51,0.693878,0.690476
52,0.700680,0.690476
53,0.700680,0.690476
54,0.707483,0.690476
55,0.707483,0.714286
56,0.714286,0.714286
57,0.714286,0.714286
58,0.714286,0.714286
59,0.714286,0.714286
60,0.714286,0.714286
61,0.721088,0.714286
62,0.727891,0.714286
63,0.727891,0.714286
64,0.734694,0.714286
65,0.734694,0.714286
66,0.734694,0.714286
67,0.734694,0.714286
68,0.734694,0.738095
69,0.734694,0.738095
70,0.734694,0.738095
71,0.734694,0.738095
72,0.734694,0.738095
73,0.734694,0.738095
74,0.734694,0.738095
75,0.734694,0.738095
76,0.734694,0.738095
77,0.734694,0.738095
78,0.741497,0.738095
79,0.741497,0.738095
80,0.741497,0.738095
81,0.741497,0.738095
82,0.741497,0.738095
83,0.741497,0.738095
84,0.741497,0.738095
85,0.741497,0.738095
86,0.741497,0.738095
87,0.741497,0.738095
88,0.741497,0.738095
89,0.741497,0.738095
90,0.741497,0.738095
91,0.741497,0.738095
92,0.741497,0.738095
93,0.741497,0.738095
94,0.741497,0.738095
95,0.748299,0.738095
96,0.748299,0.738095
97,0.748299,0.738095
98,0.755102,0.738095
99,0.755102,0.738095
100,0.755102,0.738095
101,0.761905,0.738095
102,0.761905,0.738095
103,0.761905,0.738095
104,0.761905,0.738095
105,0.761905,0.738095
106,0.761905,0.738095
107,0.761905,0.738095
108,0.761905,0.738095
109,0.761905,0.738095
110,0.761905,0.738095
111,0.761905,0.738095
112,0.761905,0.738095
113,0.761905,0.738095
114,0.761905,0.738095
115,0.761905,0.738095
116,0.761905,0.738095
117,0.761905,0.738095
118,0.761905,0.738095
119,0.761905,0.738095
120,0.761905,0.738095
121,0.761905,0.738095
122,0.761905,0.738095
123,0.761905,0.738095
124,0.761905,0.738095
125,0.761905,0.738095
126,0.761905,0.738095
127,0.761905,0.738095
128,0.761905,0.738095
129,0.761905,0.738095
130,0.761905,0.738095
131,0.761905,0.738095
132,0.761905,0.738095
133,0.761905,0.738095
134,0.761905,0.738095
135,0.761905,0.738095
136,0.761905,0.738095
137,0.761905,0.738095
138,0.761905,0.738095
139,0.761905,0.738095
140,0.761905,0.738095
141,0.761905,0.738095
142,0.761905,0.738095
143,0.761905,0.738095
144,0.761905,0.738095
145,0.761905,0.738095
146,0.761905,0.738095
147,0.761905,0.738095
148,0.761905,0.738095
149,0.761905,0.738095
150,0.761905,0.738095
151,0.761905,0.738095
152,0.761905,0.738095
153,0.761905,0.738095
154,0.761905,0.738095
155,0.761905,0.738095
156,0.761905,0.738095
157,0.761905,0.738095
158,0.761905,0.738095
159,0.761905,0.738095
160,0.761905,0.738095
161,0.761905,0.738095
162,0.761905,0.738095
163,0.761905,0.738095
164,0.761905,0.738095
165,0.761905,0.738095
166,0.761905,0.738095
167,0.761905,0.738095
168,0.761905,0.738095
169,0.761905,0.738095
170,0.761905,0.738095
171,0.761905,0.738095
172,0.761905,0.738095
173,0.761905,0.738095
174,0.761905,0.738095
175,0.761905,0.738095
176,0.761905,0.738095
177,0.761905,0.738095
178,0.761905,0.738095
179,0.761905,0.738095
180,0.761905,0.738095
181,0.761905,0.738095
182,0.755102,0.738095
183,0.755102,0.738095
184,0.755102,0.738095
185,0.755102,0.738095
186,0.755102,0.738095
187,0.755102,0.738095
188,0.755102,0.738095
189,0.755102,0.738095
190,0.748299,0.738095
191,0.748299,0.738095
192,0.748299,0.738095
193,0.748299,0.738095
194,0.748299,0.738095
195,0.748299,0.738095
196,0.748299,0.738095
197,0.748299,0.738095
198,0.748299,0.738095
199,0.748299,0.738095
200,0.748299,0.738095
201,0.748299,0.738095
202,0.748299,0.738095
203,0.748299,0.738095
204,0.748299,0.738095
205,0.748299,0.738095
206,0.748299,0.738095
207,0.748299,0.738095
208,0.748299,0.738095
209,0.748299,0.738095
210,0.748299,0.738095
211,0.748299,0.738095
212,0.748299,0.738095
213,0.748299,0.738095
214,0.748299,0.738095
215,0.748299,0.738095
216,0.748299,0.738095
217,0.748299,0.738095
218,0.748299,0.738095
219,0.748299,0.738095
220,0.748299,0.738095
221,0.748299,0.738095
222,0.748299,0.738095
223,0.748299,0.738095
224,0.748299,0.738095
225,0.748299,0.738095
226,0.748299,0.738095
227,0.748299,0.738095
228,0.748299,0.738095
229,0.748299,0.738095
230,0.748299,0.738095
231,0.748299,0.738095
232,0.748299,0.738095
233,0.748299,0.738095
234,0.748299,0.738095
235,0.748299,0.738095
236,0.748299,0.738095
237,0.748299,0.738095
238,0.748299,0.738095
239,0.748299,0.738095
240,0.748299,0.738095
241,0.748299,0.738095
242,0.748299,0.738095
243,0.748299,0.738095
244,0.748299,0.738095
245,0.748299,0.738095
246,0.748299,0.738095
247,0.748299,0.738095
248,0.748299,0.738095
249,0.748299,0.738095
250,0.748299,0.738095
251,0.748299,0.738095
252,0.748299,0.738095
253,0.748299,0.738095
254,0.748299,0.738095
255,0.748299,0.738095
256,0.748299,0.738095
257,0.748299,0.738095
258,0.748299,0.738095
259,0.741497,0.738095
260,0.741497,0.738095
261,0.741497,0.738095
262,0.741497,0.738095
263,0.741497,0.738095
264,0.741497,0.738095
265,0.741497,0.738095
266,0.741497,0.738095
267,0.741497,0.738095
268,0.741497,0.738095
269,0.741497,0.738095
270,0.741497,0.738095
271,0.741497,0.738095
272,0.741497,0.738095
273,0.741497,0.738095
274,0.734694,0.738095
275,0.734694,0.738095
276,0.734694,0.738095
277,0.734694,0.738095
278,0.734694,0.738095
279,0.734694,0.738095
280,0.734694,0.738095
281,0.734694,0.738095
282,0.734694,0.738095
283,0.734694,0.738095
284,0.734694,0.738095
285,0.734694,0.738095
286,0.734694,0.738095
287,0.734694,0.738095
288,0.734694,0.738095
289,0.734694,0.738095
290,0.734694,0.738095
291,0.734694,0.738095
292,0.734694,0.738095
293,0.734694,0.738095
294,0.734694,0.738095
295,0.734694,0.738095
296,0.734694,0.738095
297,0.734694,0.738095
298,0.734694,0.738095
299,0.734694,0.738095
300,0.734694,0.738095
301,0.734694,0.738095
302,0.734694,0.738095
303,0.734694,0.738095
304,0.734694,0.738095
305,0.734694,0.738095
306,0.734694,0.738095
307,0.734694,0.738095
308,0.734694,0.738095
309,0.734694,0.738095
310,0.734694,0.738095
311,0.734694,0.738095
312,0.734694,0.738095
313,0.734694,0.738095
314,0.734694,0.738095
315,0.734694,0.738095
316,0.734694,0.738095
317,0.734694,0.738095
318,0.734694,0.738095
319,0.734694,0.738095
320,0.734694,0.738095
321,0.734694,0.738095
322,0.734694,0.738095
323,0.734694,0.738095
324,0.734694,0.738095
325,0.734694,0.738095
326,0.734694,0.738095
327,0.734694,0.738095
328,0.734694,0.738095
329,0.734694,0.738095
330,0.734694,0.738095
331,0.734694,0.738095
332,0.734694,0.738095
333,0.734694,0.738095
334,0.734694,0.738095
335,0.734694,0.738095
336,0.727891,0.738095
337,0.727891,0.738095
338,0.727891,0.738095
339,0.727891,0.738095
340,0.727891,0.738095
341,0.727891,0.738095
342,0.727891,0.738095
343,0.727891,0.738095
344,0.727891,0.738095
345,0.727891,0.738095
346,0.727891,0.738095
347,0.727891,0.738095
348,0.727891,0.738095
349,0.727891,0.738095
350,0.727891,0.738095
351,0.727891,0.738095
352,0.727891,0.738095
353,0.727891,0.738095
354,0.727891,0.738095
355,0.727891,0.738095
356,0.721088,0.738095
357,0.721088,0.738095
358,0.721088,0.738095
359,0.721088,0.738095
360,0.721088,0.738095
361,0.721088,0.738095
362,0.721088,0.738095
363,0.721088,0.738095
364,0.721088,0.738095
365,0.721088,0.738095
366,0.721088,0.738095
367,0.721088,0.738095
368,0.721088,0.738095
369,0.721088,0.738095
370,0.721088,0.738095
371,0.721088,0.738095
372,0.721088,0.738095
373,0.721088,0.738095
374,0.721088,0.738095
375,0.721088,0.738095
376,0.721088,0.738095
377,0.721088,0.738095
378,0.721088,0.738095
379,0.721088,0.738095
380,0.721088,0.738095
381,0.721088,0.738095
382,0.721088,0.738095
383,0.721088,0.738095
384,0.721088,0.738095
385,0.721088,0.738095
386,0.721088,0.738095
387,0.721088,0.738095
388,0.721088,0.738095
389,0.721088,0.738095
390,0.721088,0.738095
391,0.721088,0.738095
392,0.721088,0.738095
393,0.721088,0.738095
394,0.721088,0.738095
395,0.721088,0.738095
396,0.721088,0.738095
397,0.721088,0.738095
398,0.721088,0.738095
399,0.721088,0.738095
400,0.721088,0.738095
401,0.721088,0.738095
402,0.721088,0.738095
403,0.721088,0.738095
404,0.721088,0.738095
405,0.721088,0.738095
406,0.721088,0.738095
407,0.721088,0.738095
408,0.721088,0.738095
409,0.721088,0.738095
410,0.721088,0.738095
411,0.721088,0.738095
412,0.721088,0.738095
413,0.721088,0.738095
414,0.721088,0.738095
415,0.721088,0.738095
416,0.721088,0.738095
417,0.721088,0.738095
418,0.721088,0.738095
419,0.721088,0.738095
420,0.721088,0.738095
421,0.721088,0.738095
422,0.721088,0.738095
423,0.721088,0.738095
424,0.721088,0.738095
425,0.721088,0.738095
426,0.721088,0.738095
427,0.721088,0.738095
428,0.714286,0.738095
429,0.714286,0.738095
430,0.714286,0.738095
431,0.714286,0.738095
432,0.714286,0.738095
433,0.714286,0.738095
434,0.714286,0.738095
435,0.714286,0.738095
436,0.714286,0.738095
437,0.714286,0.738095
438,0.714286,0.738095
439,0.714286,0.738095
440,0.714286,0.738095
441,0.714286,0.738095
442,0.714286,0.738095
443,0.714286,0.738095
444,0.714286,0.738095
445,0.714286,0.738095
446,0.714286,0.738095
447,0.714286,0.738095
448,0.714286,0.738095
449,0.714286,0.738095
450,0.714286,0.738095
451,0.714286,0.738095
452,0.714286,0.714286
453,0.714286,0.714286
454,0.714286,0.714286
455,0.714286,0.714286
456,0.714286,0.714286
457,0.714286,0.714286
458,0.714286,0.714286
459,0.714286,0.714286
460,0.714286,0.714286
461,0.714286,0.714286
462,0.714286,0.714286
463,0.714286,0.714286
464,0.714286,0.714286
465,0.714286,0.714286
466,0.714286,0.714286
467,0.714286,0.714286
468,0.714286,0.714286
469,0.714286,0.714286
470,0.714286,0.714286
471,0.714286,0.714286
472,0.714286,0.714286
473,0.714286,0.714286
474,0.714286,0.714286
475,0.714286,0.714286
476,0.714286,0.714286
477,0.714286,0.714286
478,0.714286,0.714286
479,0.714286,0.714286
480,0.714286,0.714286
481,0.714286,0.714286
482,0.714286,0.714286
483,0.714286,0.714286
484,0.714286,0.714286
485,0.714286,0.714286
486,0.714286,0.714286
487,0.714286,0.714286
488,0.714286,0.714286
489,0.714286,0.714286
490,0.714286,0.714286
491,0.714286,0.714286
492,0.714286,0.714286
493,0.714286,0.714286
494,0.714286,0.714286
495,0.714286,0.714286
496,0.707483,0.714286
497,0.707483,0.714286
498,0.707483,0.714286
499,0.707483,0.714286
500,0.707483,0.714286
501,0.707483,0.714286
502,0.707483,0.714286
503,0.707483,0.714286
504,0.707483,0.714286
505,0.707483,0.714286
506,0.707483,0.714286
507,0.707483,0.714286
508,0.707483,0.714286
509,0.707483,0.714286
510,0.707483,0.714286
511,0.707483,0.714286
512,0.707483,0.714286
513,0.707483,0.714286
514,0.707483,0.714286
515,0.707483,0.714286
516,0.707483,0.714286
517,0.707483,0.714286
518,0.707483,0.714286
519,0.707483,0.714286
520,0.707483,0.714286
521,0.707483,0.714286
522,0.707483,0.714286
523,0.707483,0.714286
524,0.707483,0.690476
525,0.707483,0.690476
526,0.707483,0.690476
527,0.707483,0.690476
528,0.707483,0.690476
529,0.707483,0.690476
530,0.707483,0.690476
531,0.707483,0.690476
532,0.707483,0.690476
533,0.707483,0.690476
534,0.707483,0.690476
535,0.707483,0.690476
536,0.707483,0.690476
537,0.707483,0.690476
538,0.707483,0.690476
539,0.707483,0.690476
540,0.707483,0.690476
541,0.707483,0.690476
542,0.707483,0.690476
543,0.707483,0.690476
544,0.707483,0.690476
545,0.707483,0.690476
546,0.707483,0.690476
547,0.707483,0.690476
548,0.700680,0.690476
549,0.700680,0.690476
550,0.700680,0.690476
551,0.700680,0.690476
552,0.700680,0.690476
553,0.700680,0.690476
554,0.700680,0.690476
555,0.700680,0.690476
556,0.700680,0.690476
557,0.700680,0.690476
558,0.700680,0.690476
559,0.700680,0.690476
560,0.700680,0.690476
561,0.700680,0.690476
562,0.700680,0.690476
563,0.700680,0.690476
564,0.700680,0.690476
565,0.693878,0.690476
566,0.693878,0.690476
567,0.693878,0.690476
568,0.693878,0.690476
569,0.693878,0.690476
570,0.693878,0.690476
571,0.693878,0.690476
572,0.693878,0.690476
573,0.693878,0.690476
574,0.693878,0.690476
575,0.693878,0.690476
576,0.693878,0.690476
577,0.693878,0.690476
578,0.693878,0.690476
579,0.693878,0.690476
580,0.693878,0.690476
581,0.693878,0.690476
582,0.693878,0.690476
583,0.693878,0.690476
584,0.693878,0.690476
585,0.693878,0.690476
586,0.693878,0.690476
587,0.693878,0.690476
588,0.693878,0.690476
589,0.693878,0.690476
590,0.693878,0.690476
591,0.693878,0.690476
592,0.693878,0.690476
593,0.693878,0.690476
594,0.693878,0.690476
595,0.693878,0.666667
596,0.693878,0.666667
597,0.693878,0.666667
598,0.693878,0.666667
599,0.693878,0.666667
600,0.693878,0.666667
601,0.693878,0.666667
602,0.693878,0.666667
603,0.693878,0.666667
604,0.693878,0.666667
605,0.693878,0.666667
606,0.693878,0.666667
607,0.693878,0.666667
608,0.693878,0.666667
609,0.693878,0.666667
610,0.693878,0.666667
611,0.693878,0.666667
612,0.693878,0.642857
613,0.693878,0.642857
614,0.693878,0.642857
615,0.693878,0.642857
616,0.693878,0.642857
617,0.693878,0.642857
618,0.693878,0.642857
619,0.693878,0.642857
620,0.693878,0.642857
621,0.693878,0.642857
622,0.693878,0.642857
623,0.693878,0.642857
624,0.693878,0.642857
625,0.693878,0.642857
626,0.693878,0.642857
627,0.693878,0.642857
628,0.693878,0.642857
629,0.693878,0.642857
630,0.693878,0.642857
631,0.693878,0.642857
632,0.693878,0.642857
633,0.693878,0.642857
634,0.693878,0.642857
635,0.693878,0.642857
636,0.693878,0.642857
637,0.693878,0.642857
638,0.693878,0.642857
639,0.693878,0.642857
640,0.693878,0.642857
641,0.693878,0.642857
642,0.693878,0.642857
643,0.693878,0.642857
644,0.693878,0.642857
645,0.687075,0.642857
646,0.687075,0.642857
647,0.687075,0.642857
648,0.687075,0.642857
649,0.687075,0.642857
650,0.687075,0.642857
651,0.687075,0.642857
652,0.687075,0.642857
653,0.687075,0.642857
654,0.687075,0.642857
655,0.687075,0.642857
656,0.687075,0.642857
657,0.687075,0.642857
658,0.687075,0.642857
659,0.687075,0.642857
660,0.687075,0.642857
661,0.687075,0.642857
662,0.687075,0.642857
663,0.687075,0.642857
664,0.687075,0.642857
665,0.687075,0.642857
666,0.687075,0.642857
667,0.687075,0.642857
668,0.687075,0.642857
669,0.687075,0.642857
670,0.687075,0.642857
671,0.687075,0.642857
672,0.687075,0.642857
673,0.687075,0.642857
674,0.687075,0.642857
675,0.687075,0.642857
676,0.687075,0.642857
677,0.687075,0.642857
678,0.687075,0.642857
679,0.687075,0.642857
680,0.687075,0.642857
681,0.687075,0.642857
682,0.687075,0.642857
683,0.687075,0.642857
684,0.687075,0.642857
685,0.687075,0.642857
686,0.687075,0.642857
687,0.687075,0.642857
688,0.687075,0.642857
689,0.687075,0.642857
690,0.687075,0.642857
691,0.687075,0.642857
692,0.687075,0.642857
693,0.687075,0.642857
694,0.687075,0.642857
695,0.687075,0.642857
696,0.687075,0.642857
697,0.687075,0.642857
698,0.687075,0.642857
699,0.687075,0.642857
700,0.687075,0.642857
701,0.687075,0.642857
702,0.687075,0.642857
703,0.687075,0.642857
704,0.687075,0.642857
705,0.687075,0.642857
706,0.687075,0.642857
707,0.687075,0.642857
708,0.687075,0.642857
709,0.687075,0.642857
710,0.687075,0.642857
711,0.687075,0.642857
712,0.687075,0.642857
713,0.680272,0.642857
714,0.680272,0.642857
715,0.680272,0.642857
716,0.680272,0.642857
717,0.680272,0.642857
718,0.680272,0.642857
719,0.680272,0.642857
720,0.680272,0.642857
721,0.680272,0.642857
722,0.680272,0.642857
723,0.680272,0.642857
724,0.680272,0.642857
725,0.680272,0.642857
726,0.680272,0.642857
727,0.680272,0.642857
728,0.680272,0.642857
729,0.680272,0.642857
730,0.680272,0.642857
731,0.680272,0.642857
732,0.680272,0.642857
733,0.680272,0.642857
734,0.680272,0.642857
735,0.680272,0.642857
736,0.680272,0.642857
737,0.680272,0.642857
738,0.680272,0.642857
739,0.680272,0.642857
740,0.680272,0.642857
741,0.680272,0.642857
742,0.680272,0.642857
743,0.680272,0.642857
744,0.680272,0.642857
745,0.680272,0.642857
746,0.680272,0.642857
747,0.680272,0.642857
748,0.680272,0.642857
749,0.680272,0.642857
750,0.680272,0.619048
751,0.680272,0.619048
752,0.687075,0.619048
753,0.687075,0.619048
754,0.687075,0.619048
755,0.687075,0.619048
756,0.687075,0.619048
757,0.687075,0.619048
758,0.687075,0.619048
759,0.687075,0.619048
760,0.687075,0.619048
761,0.687075,0.619048
762,0.687075,0.619048
763,0.687075,0.619048
764,0.687075,0.619048
765,0.687075,0.619048
766,0.687075,0.619048
767,0.687075,0.619048
768,0.687075,0.619048
769,0.687075,0.619048
770,0.687075,0.619048
771,0.687075,0.619048
772,0.687075,0.619048
773,0.687075,0.619048
774,0.687075,0.619048
775,0.687075,0.619048
776,0.687075,0.619048
777,0.687075,0.619048
778,0.687075,0.619048
779,0.687075,0.619048
780,0.687075,0.619048
781,0.687075,0.619048
782,0.687075,0.619048
783,0.687075,0.619048
784,0.687075,0.619048
785,0.687075,0.619048
786,0.687075,0.619048
787,0.687075,0.619048
788,0.687075,0.619048
789,0.687075,0.619048
790,0.687075,0.619048
791,0.687075,0.619048
792,0.687075,0.619048
793,0.687075,0.619048
794,0.687075,0.619048
795,0.687075,0.619048
796,0.687075,0.619048
797,0.687075,0.619048
798,0.687075,0.619048
799,0.687075,0.619048
800,0.687075,0.619048
801,0.687075,0.619048
802,0.687075,0.619048
803,0.687075,0.619048
804,0.687075,0.619048
805,0.680272,0.619048
806,0.680272,0.619048
807,0.680272,0.619048
808,0.680272,0.619048
809,0.680272,0.619048
810,0.680272,0.619048
811,0.680272,0.619048
812,0.680272,0.619048
813,0.680272,0.619048
814,0.680272,0.619048
815,0.680272,0.619048
816,0.680272,0.619048
817,0.680272,0.619048
818,0.680272,0.619048
819,0.680272,0.619048
820,0.680272,0.619048
821,0.680272,0.619048
822,0.680272,0.619048
823,0.680272,0.619048
824,0.680272,0.619048
825,0.680272,0.619048
826,0.680272,0.619048
827,0.680272,0.619048
828,0.680272,0.619048
829,0.680272,0.619048
830,0.680272,0.619048
831,0.680272,0.619048
832,0.680272,0.619048
833,0.680272,0.619048
834,0.680272,0.619048
835,0.680272,0.619048
836,0.680272,0.619048
837,0.680272,0.619048
838,0.680272,0.619048
839,0.680272,0.619048
840,0.680272,0.619048
841,0.680272,0.619048
842,0.680272,0.619048
843,0.680272,0.619048
844,0.680272,0.619048
845,0.680272,0.619048
846,0.680272,0.619048
847,0.680272,0.619048
848,0.680272,0.619048
849,0.680272,0.619048
850,0.680272,0.619048
851,0.680272,0.619048
852,0.680272,0.619048
853,0.680272,0.619048
854,0.680272,0.619048
855,0.680272,0.619048
856,0.680272,0.619048
857,0.680272,0.619048
858,0.680272,0.619048
859,0.680272,0.619048
860,0.680272,0.619048
861,0.680272,0.619048
862,0.680272,0.619048
863,0.680272,0.619048
864,0.680272,0.619048
865,0.680272,0.619048
866,0.680272,0.619048
867,0.680272,0.619048
868,0.680272,0.619048
869,0.680272,0.619048
870,0.680272,0.619048
871,0.680272,0.619048
872,0.680272,0.619048
873,0.680272,0.619048
874,0.680272,0.619048
875,0.680272,0.619048
876,0.680272,0.619048
877,0.680272,0.619048
878,0.680272,0.619048
879,0.680272,0.619048
880,0.680272,0.619048
881,0.673469,0.619048
882,0.673469,0.619048
883,0.673469,0.619048
884,0.673469,0.619048
885,0.673469,0.619048
886,0.673469,0.619048
887,0.673469,0.619048
888,0.673469,0.619048
889,0.673469,0.619048
890,0.673469,0.619048
891,0.673469,0.619048
892,0.673469,0.619048
893,0.673469,0.619048
894,0.673469,0.619048
895,0.673469,0.619048
896,0.673469,0.619048
897,0.673469,0.619048
898,0.673469,0.619048
899,0.673469,0.619048
900,0.673469,0.619048
901,0.673469,0.619048
902,0.673469,0.619048
903,0.673469,0.619048
904,0.673469,0.619048
905,0.673469,0.619048
906,0.673469,0.619048
907,0.673469,0.619048
908,0.673469,0.619048
909,0.673469,0.619048
910,0.673469,0.619048
911,0.673469,0.619048
912,0.673469,0.619048
913,0.673469,0.619048
914,0.673469,0.619048
915,0.673469,0.619048
916,0.673469,0.619048
917,0.673469,0.619048
918,0.673469,0.619048
919,0.673469,0.619048
920,0.673469,0.619048
921,0.673469,0.619048
922,0.673469,0.619048
923,0.673469,0.619048
924,0.673469,0.619048
925,0.673469,0.619048
926,0.673469,0.619048
927,0.673469,0.619048
928,0.673469,0.619048
929,0.673469,0.619048
930,0.673469,0.619048
931,0.673469,0.619048
932,0.673469,0.619048
933,0.673469,0.619048
934,0.673469,0.619048
935,0.673469,0.619048
936,0.673469,0.619048
937,0.673469,0.619048
938,0.673469,0.619048
939,0.673469,0.619048
940,0.673469,0.619048
941,0.673469,0.619048
942,0.673469,0.619048
943,0.673469,0.619048
944,0.673469,0.619048
945,0.673469,0.619048
946,0.673469,0.619048
947,0.673469,0.619048
948,0.673469,0.619048
949,0.673469,0.619048
950,0.673469,0.619048
951,0.673469,0.619048
952,0.673469,0.619048
953,0.673469,0.619048
954,0.673469,0.619048
955,0.673469,0.619048
956,0.673469,0.619048
957,0.673469,0.619048
958,0.673469,0.619048
959,0.673469,0.619048
960,0.673469,0.619048
961,0.673469,0.619048
962,0.673469,0.619048
963,0.673469,0.619048
964,0.673469,0.619048
965,0.673469,0.619048
966,0.673469,0.619048
967,0.673469,0.619048
968,0.673469,0.619048
969,0.673469,0.619048
970,0.673469,0.619048
971,0.673469,0.619048
972,0.673469,0.619048
973,0.673469,0.619048
974,0.673469,0.619048
975,0.673469,0.619048
976,0.673469,0.619048
977,0.673469,0.619048
978,0.673469,0.619048
979,0.673469,0.619048
980,0.673469,0.619048
981,0.673469,0.619048
982,0.673469,0.619048
983,0.673469,0.619048
984,0.673469,0.619048
985,0.673469,0.619048
986,0.673469,0.619048
987,0.673469,0.619048
988,0.673469,0.619048
989,0.673469,0.619048
990,0.673469,0.619048
991,0.673469,0.619048
992,0.673469,0.619048
993,0.673469,0.619048
994,0.673469,0.619048
995,0.673469,0.619048
996,0.673469,0.619048
997,0.673469,0.619048
998,0.673469,0.619048
999,0.673469,0.619048
1000,0.673469,0.619048
1001,0.673469,0.619048
1002,0.673469,0.619048
1003,0.673469,0.619048
1004,0.673469,0.619048
1005,0.673469,0.619048
1006,0.673469,0.619048
1007,0.673469,0.595238
1008,0.673469,0.595238
1009,0.673469,0.595238
1010,0.673469,0.595238
1011,0.673469,0.595238
1012,0.673469,0.595238
1013,0.673469,0.595238
1014,0.673469,0.595238
1015,0.673469,0.595238
1016,0.673469,0.595238
1017,0.673469,0.595238
1018,0.673469,0.595238
1019,0.673469,0.595238
1020,0.673469,0.595238
1021,0.673469,0.595238
1022,0.673469,0.595238
1023,0.673469,0.595238
1024,0.673469,0.595238
1025,0.673469,0.595238
1026,0.673469,0.595238
1027,0.673469,0.595238
1028,0.673469,0.595238
1029,0.673469,0.595238
1030,0.673469,0.595238
1031,0.673469,0.595238
1032,0.673469,0.595238
1033,0.673469,0.595238
1034,0.673469,0.595238
1035,0.673469,0.595238
1036,0.673469,0.595238
1037,0.673469,0.595238
1038,0.673469,0.595238
1039,0.673469,0.595238
1040,0.673469,0.595238
1041,0.673469,0.595238
1042,0.673469,0.595238
1043,0.673469,0.595238
1044,0.673469,0.595238
1045,0.673469,0.595238
1046,0.673469,0.595238
1047,0.673469,0.595238
1048,0.673469,0.595238
1049,0.673469,0.595238
1050,0.673469,0.595238
1051,0.673469,0.595238
1052,0.673469,0.595238
1053,0.673469,0.595238
1054,0.673469,0.595238
1055,0.673469,0.595238
1056,0.673469,0.595238
1057,0.673469,0.595238
1058,0.673469,0.595238
1059,0.673469,0.595238
1060,0.673469,0.595238
1061,0.673469,0.595238
1062,0.673469,0.595238
1063,0.673469,0.595238
1064,0.673469,0.595238
1065,0.673469,0.595238
1066,0.673469,0.595238
1067,0.673469,0.595238
1068,0.673469,0.595238
1069,0.673469,0.595238
1070,0.673469,0.595238
1071,0.673469,0.595238
1072,0.673469,0.595238
1073,0.673469,0.595238
1074,0.673469,0.595238
1075,0.673469,0.595238
1076,0.673469,0.595238
1077,0.673469,0.595238
1078,0.673469,0.595238
1079,0.673469,0.595238
1080,0.673469,0.595238
1081,0.673469,0.595238
1082,0.673469,0.595238
1083,0.673469,0.595238
1084,0.673469,0.595238
1085,0.673469,0.595238
1086,0.673469,0.595238
1087,0.673469,0.595238
1088,0.673469,0.595238
1089,0.673469,0.595238
1090,0.673469,0.595238
1091,0.680272,0.595238
1092,0.680272,0.595238
1093,0.680272,0.595238
1094,0.680272,0.595238
1095,0.680272,0.595238
1096,0.680272,0.595238
1097,0.680272,0.595238
1098,0.680272,0.595238
1099,0.680272,0.595238
1100,0.680272,0.595238
1101,0.680272,0.595238
1102,0.680272,0.595238
1103,0.680272,0.595238
1104,0.680272,0.595238
1105,0.680272,0.595238
1106,0.680272,0.595238
1107,0.680272,0.595238
1108,0.673469,0.595238
1109,0.673469,0.595238
1110,0.673469,0.595238
1111,0.673469,0.595238
1112,0.673469,0.595238
1113,0.673469,0.595238
1114,0.673469,0.595238
1115,0.673469,0.595238
1116,0.673469,0.595238
1117,0.673469,0.595238
1118,0.673469,0.595238
1119,0.673469,0.595238
1120,0.673469,0.595238
1121,0.673469,0.595238
1122,0.673469,0.595238
1123,0.673469,0.595238
1124,0.673469,0.595238
1125,0.673469,0.595238
1126,0.673469,0.595238
1127,0.673469,0.595238
1128,0.673469,0.595238
1129,0.673469,0.595238
1130,0.673469,0.595238
1131,0.673469,0.595238
1132,0.673469,0.595238
1133,0.673469,0.595238
1134,0.673469,0.595238
1135,0.673469,0.595238
1136,0.673469,0.595238
1137,0.673469,0.595238
1138,0.673469,0.595238
1139,0.673469,0.595238
1140,0.673469,0.595238
1141,0.673469,0.595238
1142,0.673469,0.595238
1143,0.673469,0.595238
1144,0.673469,0.595238
1145,0.673469,0.595238
1146,0.673469,0.595238
1147,0.673469,0.595238
1148,0.673469,0.595238
1149,0.673469,0.595238
1150,0.673469,0.595238
1151,0.673469,0.595238
1152,0.673469,0.595238
1153,0.673469,0.595238
1154,0.673469,0.595238
1155,0.673469,0.595238
1156,0.673469,0.595238
1157,0.673469,0.595238
1158,0.673469,0.595238
1159,0.673469,0.571429
1160,0.673469,0.571429
1161,0.673469,0.571429
1162,0.673469,0.571429
1163,0.673469,0.571429
1164,0.673469,0.571429
1165,0.673469,0.571429
1166,0.673469,0.571429
1167,0.673469,0.571429
1168,0.673469,0.571429
1169,0.673469,0.571429
1170,0.673469,0.571429
1171,0.673469,0.571429
1172,0.673469,0.571429
1173,0.673469,0.571429
1174,0.673469,0.571429
1175,0.673469,0.571429
1176,0.673469,0.571429
1177,0.673469,0.571429
1178,0.673469,0.571429
1179,0.673469,0.571429
1180,0.673469,0.571429
1181,0.673469,0.571429
1182,0.673469,0.571429
1183,0.673469,0.571429
1184,0.673469,0.571429
1185,0.673469,0.571429
1186,0.673469,0.571429
1187,0.673469,0.571429
1188,0.673469,0.571429
1189,0.673469,0.571429
1190,0.673469,0.571429
1191,0.673469,0.571429
1192,0.673469,0.571429
1193,0.673469,0.571429
1194,0.673469,0.571429
1195,0.673469,0.571429
1196,0.673469,0.571429
1197,0.673469,0.571429
1198,0.673469,0.571429
1199,0.673469,0.571429
1200,0.673469,0.571429
1201,0.673469,0.571429
1202,0.673469,0.571429
1203,0.673469,0.571429
1204,0.673469,0.571429
1205,0.673469,0.571429
1206,0.673469,0.571429
1207,0.666667,0.571429
1208,0.666667,0.571429
1209,0.666667,0.571429
1210,0.666667,0.571429
1211,0.666667,0.571429
1212,0.666667,0.571429
1213,0.666667,0.571429
1214,0.666667,0.571429
1215,0.666667,0.571429
1216,0.666667,0.571429
1217,0.666667,0.571429
1218,0.666667,0.571429
1219,0.666667,0.571429
1220,0.666667,0.571429
1221,0.666667,0.571429
1222,0.666667,0.571429
1223,0.666667,0.571429
1224,0.666667,0.571429
1225,0.666667,0.571429
1226,0.666667,0.571429
1227,0.666667,0.571429
1228,0.666667,0.571429
1229,0.666667,0.571429
1230,0.666667,0.571429
1231,0.666667,0.571429
1232,0.666667,0.571429
1233,0.666667,0.571429
1234,0.666667,0.571429
1235,0.666667,0.571429
1236,0.666667,0.571429
1237,0.666667,0.571429
1238,0.666667,0.571429
1239,0.666667,0.571429
1240,0.666667,0.571429
1241,0.666667,0.571429
1242,0.666667,0.571429
1243,0.666667,0.571429
1244,0.666667,0.571429
1245,0.666667,0.571429
1246,0.666667,0.571429
1247,0.666667,0.571429
1248,0.666667,0.571429
1249,0.666667,0.571429
1250,0.666667,0.571429
1251,0.666667,0.571429
1252,0.666667,0.571429
1253,0.666667,0.571429
1254,0.666667,0.571429
1255,0.666667,0.571429
1256,0.666667,0.571429
1257,0.666667,0.571429
1258,0.666667,0.571429
1259,0.666667,0.571429
1260,0.666667,0.571429
1261,0.666667,0.571429
1262,0.666667,0.571429
1263,0.666667,0.571429
1264,0.666667,0.571429
1265,0.666667,0.571429
1266,0.666667,0.571429
1267,0.666667,0.571429
1268,0.666667,0.571429
1269,0.666667,0.571429
1270,0.666667,0.571429
1271,0.666667,0.571429
1272,0.666667,0.571429
1273,0.666667,0.571429
1274,0.666667,0.571429
1275,0.666667,0.571429
1276,0.666667,0.571429
1277,0.666667,0.571429
1278,0.666667,0.571429
1279,0.666667,0.571429
1280,0.666667,0.571429
1281,0.666667,0.571429
1282,0.666667,0.571429
1283,0.666667,0.571429
1284,0.666667,0.571429
1285,0.666667,0.571429
1286,0.666667,0.571429
1287,0.666667,0.571429
1288,0.666667,0.571429
1289,0.666667,0.571429
1290,0.666667,0.571429
1291,0.666667,0.571429
1292,0.666667,0.571429
1293,0.666667,0.571429
1294,0.666667,0.571429
1295,0.666667,0.571429
1296,0.666667,0.571429
1297,0.666667,0.571429
1298,0.666667,0.571429
1299,0.666667,0.571429
1300,0.666667,0.571429
1301,0.666667,0.571429
1302,0.666667,0.571429
1303,0.666667,0.571429
1304,0.666667,0.571429
1305,0.666667,0.571429
1306,0.666667,0.571429
1307,0.666667,0.571429
1308,0.666667,0.571429
1309,0.666667,0.571429
1310,0.666667,0.571429
1311,0.666667,0.571429
1312,0.666667,0.571429
1313,0.666667,0.571429
1314,0.666667,0.571429
1315,0.666667,0.571429
1316,0.666667,0.571429
1317,0.666667,0.571429
1318,0.666667,0.571429
1319,0.666667,0.571429
1320,0.666667,0.571429
1321,0.666667,0.571429
1322,0.666667,0.571429
1323,0.666667,0.571429
1324,0.666667,0.571429
1325,0.666667,0.571429
1326,0.666667,0.571429
1327,0.666667,0.571429
1328,0.666667,0.571429
1329,0.666667,0.571429
1330,0.666667,0.571429
1331,0.666667,0.571429
1332,0.666667,0.571429
1333,0.666667,0.571429
1334,0.666667,0.571429
1335,0.666667,0.571429
1336,0.666667,0.571429
1337,0.666667,0.571429
1338,0.666667,0.571429
1339,0.666667,0.571429
1340,0.666667,0.571429
1341,0.666667,0.571429
1342,0.666667,0.571429
1343,0.666667,0.571429
1344,0.666667,0.571429
1345,0.666667,0.571429
1346,0.666667,0.571429
1347,0.666667,0.571429
1348,0.666667,0.571429
1349,0.666667,0.571429
1350,0.666667,0.571429
1351,0.666667,0.571429
1352,0.666667,0.571429
1353,0.666667,0.571429
1354,0.666667,0.571429
1355,0.666667,0.571429
1356,0.666667,0.571429
1357,0.666667,0.571429
1358,0.666667,0.571429
1359,0.666667,0.571429
1360,0.666667,0.571429
1361,0.666667,0.571429
1362,0.666667,0.571429
1363,0.666667,0.571429
1364,0.666667,0.571429
1365,0.666667,0.571429
1366,0.666667,0.571429
1367,0.666667,0.571429
1368,0.666667,0.571429
1369,0.666667,0.571429
1370,0.666667,0.571429
1371,0.666667,0.571429
1372,0.666667,0.571429
1373,0.666667,0.571429
1374,0.666667,0.571429
1375,0.666667,0.571429
1376,0.666667,0.571429
1377,0.666667,0.571429
1378,0.666667,0.571429
1379,0.666667,0.571429
1380,0.666667,0.571429
1381,0.666667,0.571429
1382,0.666667,0.571429
1383,0.666667,0.571429
1384,0.666667,0.571429
1385,0.666667,0.571429
1386,0.666667,0.571429
1387,0.666667,0.571429
1388,0.666667,0.571429
1389,0.666667,0.571429
1390,0.666667,0.571429
1391,0.666667,0.571429
1392,0.666667,0.571429
1393,0.666667,0.571429
1394,0.666667,0.571429
1395,0.666667,0.571429
1396,0.666667,0.571429
1397,0.666667,0.571429
1398,0.666667,0.571429
1399,0.666667,0.571429
1400,0.666667,0.571429
1401,0.666667,0.571429
1402,0.666667,0.571429
1403,0.666667,0.571429
1404,0.666667,0.571429
1405,0.666667,0.571429
1406,0.666667,0.571429
1407,0.666667,0.571429
1408,0.666667,0.571429
1409,0.666667,0.571429
1410,0.666667,0.571429
1411,0.666667,0.571429
1412,0.666667,0.571429
1413,0.666667,0.571429
1414,0.666667,0.571429
1415,0.666667,0.571429
1416,0.666667,0.547619
1417,0.666667,0.547619
1418,0.666667,0.547619
1419,0.666667,0.547619
1420,0.666667,0.547619
1421,0.666667,0.547619
1422,0.666667,0.547619
1423,0.666667,0.547619
1424,0.666667,0.547619
1425,0.666667,0.547619
1426,0.666667,0.547619
1427,0.666667,0.547619
1428,0.666667,0.547619
1429,0.666667,0.547619
1430,0.666667,0.547619
1431,0.666667,0.547619
1432,0.666667,0.547619
1433,0.666667,0.547619
1434,0.666667,0.547619
1435,0.666667,0.547619
1436,0.666667,0.547619
1437,0.666667,0.547619
1438,0.666667,0.547619
1439,0.666667,0.547619
1440,0.666667,0.547619
1441,0.666667,0.547619
1442,0.666667,0.547619
1443,0.666667,0.547619
1444,0.666667,0.547619
1445,0.666667,0.547619
1446,0.666667,0.547619
1447,0.666667,0.547619
1448,0.666667,0.547619
1449,0.666667,0.547619
1450,0.666667,0.547619
1451,0.666667,0.547619
1452,0.666667,0.547619
1453,0.666667,0.547619
1454,0.666667,0.547619
1455,0.666667,0.547619
1456,0.666667,0.547619
1457,0.666667,0.547619
1458,0.666667,0.547619
1459,0.666667,0.547619
1460,0.666667,0.547619
1461,0.666667,0.547619
1462,0.666667,0.547619
1463,0.666667,0.547619
1464,0.666667,0.547619
1465,0.666667,0.547619
1466,0.666667,0.547619
1467,0.666667,0.547619
1468,0.666667,0.547619
1469,0.666667,0.547619
1470,0.666667,0.547619
1471,0.666667,0.547619
1472,0.666667,0.547619
1473,0.666667,0.547619
1474,0.666667,0.547619
1475,0.666667,0.547619
1476,0.666667,0.547619
1477,0.666667,0.547619
1478,0.666667,0.547619
1479,0.666667,0.547619
1480,0.666667,0.547619
1481,0.666667,0.547619
1482,0.666667,0.547619
1483,0.666667,0.547619
1484,0.666667,0.547619
1485,0.666667,0.547619
1486,0.666667,0.547619
1487,0.666667,0.547619
1488,0.666667,0.547619
1489,0.666667,0.547619
1490,0.666667,0.547619
1491,0.666667,0.547619
1492,0.666667,0.547619
1493,0.666667,0.547619
1494,0.666667,0.547619
1495,0.666667,0.547619
1496,0.666667,0.547619
1497,0.666667,0.547619
1498,0.666667,0.547619
1499,0.666667,0.547619
1500,0.666667,0.547619
1501,0.666667,0.547619
1502,0.666667,0.547619
1503,0.666667,0.547619
1504,0.666667,0.547619
1505,0.666667,0.547619
1506,0.666667,0.547619
1507,0.666667,0.547619
1508,0.666667,0.547619
1509,0.666667,0.547619
1510,0.666667,0.547619
1511,0.666667,0.547619
1512,0.666667,0.547619
1513,0.666667,0.547619
1514,0.666667,0.547619
1515,0.666667,0.547619
1516,0.666667,0.547619
1517,0.666667,0.547619
1518,0.666667,0.547619
1519,0.666667,0.547619
1520,0.666667,0.547619
1521,0.666667,0.547619
1522,0.666667,0.547619
1523,0.673469,0.547619
1524,0.673469,0.547619
1525,0.673469,0.547619
1526,0.673469,0.547619
1527,0.673469,0.547619
1528,0.673469,0.547619
1529,0.673469,0.547619
1530,0.673469,0.547619
1531,0.673469,0.547619
1532,0.673469,0.547619
1533,0.673469,0.547619
1534,0.673469,0.547619
1535,0.673469,0.547619
1536,0.673469,0.547619
1537,0.673469,0.547619
1538,0.673469,0.547619
1539,0.673469,0.547619
1540,0.673469,0.547619
1541,0.673469,0.547619
1542,0.673469,0.547619
1543,0.673469,0.547619
1544,0.673469,0.547619
1545,0.673469,0.547619
1546,0.673469,0.547619
1547,0.673469,0.547619
1548,0.673469,0.547619
1549,0.673469,0.547619
1550,0.673469,0.547619
1551,0.673469,0.547619
1552,0.673469,0.547619
1553,0.673469,0.547619
1554,0.666667,0.547619
1555,0.666667,0.547619
1556,0.666667,0.547619
1557,0.666667,0.547619
1558,0.666667,0.547619
1559,0.666667,0.547619
1560,0.666667,0.547619
1561,0.666667,0.547619
1562,0.666667,0.547619
1563,0.666667,0.547619
1564,0.666667,0.547619
1565,0.666667,0.547619
1566,0.666667,0.547619
1567,0.666667,0.547619
1568,0.666667,0.547619
1569,0.666667,0.547619
1570,0.666667,0.547619
1571,0.666667,0.523810
1572,0.666667,0.523810
1573,0.666667,0.523810
1574,0.666667,0.523810
1575,0.666667,0.523810
1576,0.666667,0.523810
1577,0.666667,0.523810
1578,0.666667,0.523810
1579,0.666667,0.523810
1580,0.666667,0.523810
1581,0.666667,0.523810
1582,0.666667,0.523810
1583,0.666667,0.523810
1584,0.666667,0.523810
1585,0.666667,0.523810
1586,0.666667,0.523810
1587,0.666667,0.523810
1588,0.666667,0.523810
1589,0.666667,0.523810
1590,0.666667,0.523810
1591,0.666667,0.523810
1592,0.666667,0.523810
1593,0.666667,0.523810
1594,0.666667,0.523810
1595,0.666667,0.523810
1596,0.666667,0.523810
1597,0.666667,0.523810
1598,0.666667,0.523810
1599,0.666667,0.523810
1600,0.666667,0.523810
1601,0.666667,0.523810
1602,0.666667,0.523810
1603,0.666667,0.523810
1604,0.666667,0.523810
1605,0.666667,0.523810
1606,0.666667,0.523810
1607,0.666667,0.523810
1608,0.666667,0.523810
1609,0.666667,0.523810
1610,0.666667,0.523810
1611,0.666667,0.523810
1612,0.666667,0.523810
1613,0.666667,0.523810
1614,0.666667,0.523810
1615,0.666667,0.523810
1616,0.666667,0.523810
1617,0.666667,0.523810
1618,0.666667,0.523810
1619,0.666667,0.523810
1620,0.666667,0.523810
1621,0.666667,0.523810
1622,0.666667,0.523810
1623,0.666667,0.523810
1624,0.666667,0.523810
1625,0.666667,0.523810
1626,0.666667,0.523810
1627,0.666667,0.523810
1628,0.666667,0.500000
1629,0.666667,0.500000
1630,0.666667,0.500000
1631,0.666667,0.500000
1632,0.666667,0.500000
1633,0.666667,0.500000
1634,0.666667,0.500000
1635,0.666667,0.500000
1636,0.666667,0.500000
1637,0.666667,0.500000
1638,0.666667,0.500000
1639,0.666667,0.500000
1640,0.666667,0.500000
1641,0.666667,0.500000
1642,0.666667,0.500000
1643,0.666667,0.500000
1644,0.666667,0.500000
1645,0.666667,0.500000
1646,0.666667,0.500000
1647,0.666667,0.500000
1648,0.666667,0.500000
1649,0.666667,0.500000
1650,0.666667,0.500000
1651,0.666667,0.500000
1652,0.666667,0.500000
1653,0.666667,0.500000
1654,0.666667,0.500000
1655,0.666667,0.500000
1656,0.666667,0.500000
1657,0.666667,0.500000
1658,0.666667,0.500000
1659,0.666667,0.500000
1660,0.666667,0.500000
1661,0.666667,0.500000
1662,0.666667,0.500000
1663,0.666667,0.500000
1664,0.666667,0.500000
1665,0.666667,0.500000
1666,0.666667,0.500000
1667,0.666667,0.500000
1668,0.666667,0.500000
1669,0.666667,0.500000
1670,0.666667,0.500000
1671,0.666667,0.500000
1672,0.666667,0.500000
1673,0.666667,0.500000
1674,0.666667,0.500000
1675,0.666667,0.500000
1676,0.666667,0.500000
1677,0.666667,0.500000
1678,0.666667,0.500000
1679,0.666667,0.500000
1680,0.666667,0.500000
1681,0.666667,0.500000
1682,0.666667,0.500000
1683,0.666667,0.500000
1684,0.666667,0.500000
1685,0.666667,0.500000
1686,0.666667,0.500000
1687,0.666667,0.500000
1688,0.666667,0.500000
1689,0.666667,0.500000
1690,0.666667,0.500000
1691,0.666667,0.500000
1692,0.666667,0.500000
1693,0.666667,0.500000
1694,0.666667,0.500000
1695,0.666667,0.500000
1696,0.666667,0.500000
1697,0.666667,0.500000
1698,0.666667,0.500000
1699,0.666667,0.500000
1700,0.666667,0.500000
1701,0.666667,0.500000
1702,0.666667,0.500000
1703,0.666667,0.500000
1704,0.666667,0.500000
1705,0.666667,0.500000
1706,0.666667,0.500000
1707,0.666667,0.500000
1708,0.666667,0.500000
1709,0.666667,0.500000
1710,0.666667,0.500000
1711,0.666667,0.500000
1712,0.666667,0.500000
1713,0.666667,0.500000
1714,0.666667,0.500000
1715,0.666667,0.500000
1716,0.666667,0.500000
1717,0.666667,0.500000
1718,0.666667,0.500000
1719,0.666667,0.500000
1720,0.666667,0.500000
1721,0.666667,0.500000
1722,0.666667,0.500000
1723,0.666667,0.500000
1724,0.666667,0.500000
1725,0.666667,0.500000
1726,0.666667,0.500000
1727,0.666667,0.500000
1728,0.666667,0.500000
1729,0.666667,0.500000
1730,0.666667,0.500000
1731,0.666667,0.500000
1732,0.666667,0.500000
1733,0.666667,0.500000
1734,0.666667,0.500000
1735,0.666667,0.500000
1736,0.666667,0.500000
1737,0.666667,0.500000
1738,0.666667,0.500000
1739,0.666667,0.500000
1740,0.666667,0.500000
1741,0.666667,0.500000
1742,0.666667,0.500000
1743,0.666667,0.500000
1744,0.666667,0.500000
1745,0.666667,0.500000
1746,0.666667,0.500000
1747,0.666667,0.500000
1748,0.666667,0.500000
1749,0.666667,0.500000
1750,0.666667,0.500000
1751,0.666667,0.500000
1752,0.666667,0.500000
1753,0.666667,0.500000
1754,0.666667,0.500000
1755,0.666667,0.500000
1756,0.666667,0.500000
1757,0.666667,0.500000
1758,0.666667,0.500000
1759,0.666667,0.500000
1760,0.666667,0.500000
1761,0.666667,0.500000
1762,0.666667,0.500000
1763,0.666667,0.500000
1764,0.666667,0.500000
1765,0.666667,0.500000
1766,0.666667,0.500000
1767,0.666667,0.500000
1768,0.666667,0.500000
1769,0.666667,0.500000
1770,0.666667,0.500000
1771,0.666667,0.500000
1772,0.666667,0.500000
1773,0.666667,0.500000
1774,0.666667,0.500000
1775,0.666667,0.500000
1776,0.666667,0.500000
1777,0.666667,0.500000
1778,0.666667,0.500000
1779,0.666667,0.500000
1780,0.666667,0.500000
1781,0.666667,0.500000
1782,0.666667,0.500000
1783,0.666667,0.500000
1784,0.666667,0.500000
1785,0.666667,0.500000
1786,0.666667,0.500000
1787,0.666667,0.500000
1788,0.666667,0.500000
1789,0.666667,0.500000
1790,0.666667,0.500000
1791,0.666667,0.500000
1792,0.666667,0.500000
1793,0.666667,0.500000
1794,0.666667,0.500000
1795,0.666667,0.500000
1796,0.666667,0.500000
1797,0.666667,0.500000
1798,0.666667,0.500000
1799,0.666667,0.500000
1800,0.666667,0.500000
1801,0.666667,0.500000
1802,0.666667,0.500000
1803,0.666667,0.500000
1804,0.666667,0.500000
1805,0.666667,0.500000
1806,0.666667,0.500000
1807,0.666667,0.500000
1808,0.666667,0.500000
1809,0.666667,0.500000
1810,0.666667,0.500000
1811,0.666667,0.500000
1812,0.666667,0.500000
1813,0.666667,0.500000
1814,0.666667,0.500000
1815,0.666667,0.500000
1816,0.666667,0.500000
1817,0.666667,0.500000
1818,0.666667,0.500000
1819,0.666667,0.500000
1820,0.666667,0.500000
1821,0.666667,0.500000
1822,0.666667,0.500000
1823,0.666667,0.500000
1824,0.666667,0.500000
1825,0.666667,0.500000
1826,0.666667,0.500000
1827,0.666667,0.500000
1828,0.666667,0.500000
1829,0.666667,0.500000
1830,0.666667,0.500000
1831,0.666667,0.500000
1832,0.666667,0.500000
1833,0.666667,0.500000
1834,0.666667,0.500000
1835,0.666667,0.500000
1836,0.666667,0.500000
1837,0.666667,0.500000
1838,0.666667,0.500000
1839,0.666667,0.500000
1840,0.666667,0.500000
1841,0.666667,0.500000
1842,0.666667,0.500000
1843,0.666667,0.500000
1844,0.666667,0.500000
1845,0.666667,0.500000
1846,0.666667,0.500000
1847,0.666667,0.500000
1848,0.666667,0.500000
1849,0.666667,0.500000
1850,0.666667,0.500000
1851,0.666667,0.500000
1852,0.666667,0.500000
1853,0.666667,0.500000
1854,0.666667,0.500000
1855,0.666667,0.500000
1856,0.666667,0.500000
1857,0.666667,0.500000
1858,0.666667,0.500000
1859,0.666667,0.500000
1860,0.666667,0.500000
1861,0.666667,0.500000
1862,0.666667,0.500000
1863,0.666667,0.500000
1864,0.666667,0.500000
1865,0.666667,0.500000
1866,0.666667,0.500000
1867,0.666667,0.500000
1868,0.666667,0.500000
1869,0.666667,0.500000
1870,0.666667,0.500000
1871,0.666667,0.500000
1872,0.666667,0.500000
1873,0.666667,0.500000
1874,0.666667,0.500000
1875,0.666667,0.500000
1876,0.666667,0.500000
1877,0.666667,0.500000
1878,0.666667,0.500000
1879,0.666667,0.500000
1880,0.666667,0.500000
1881,0.666667,0.500000
1882,0.666667,0.500000
1883,0.666667,0.500000
1884,0.666667,0.500000
1885,0.666667,0.500000
1886,0.666667,0.500000
1887,0.666667,0.500000
1888,0.666667,0.500000
1889,0.666667,0.500000
1890,0.666667,0.500000
1891,0.666667,0.500000
1892,0.666667,0.500000
1893,0.666667,0.500000
1894,0.666667,0.500000
1895,0.666667,0.500000
1896,0.666667,0.500000
1897,0.666667,0.500000
1898,0.666667,0.500000
1899,0.666667,0.500000
1900,0.666667,0.500000
1901,0.666667,0.500000
1902,0.666667,0.500000
1903,0.666667,0.500000
1904,0.666667,0.500000
1905,0.666667,0.500000
1906,0.666667,0.500000
1907,0.666667,0.500000
1908,0.666667,0.500000
1909,0.666667,0.500000
1910,0.666667,0.500000
1911,0.666667,0.500000
1912,0.666667,0.500000
1913,0.666667,0.500000
1914,0.666667,0.500000
1915,0.666667,0.500000
1916,0.666667,0.500000
1917,0.666667,0.500000
1918,0.666667,0.500000
1919,0.666667,0.500000
1920,0.666667,0.500000
1921,0.666667,0.500000
1922,0.666667,0.500000
1923,0.666667,0.500000
1924,0.666667,0.500000
1925,0.666667,0.500000
1926,0.666667,0.500000
1927,0.666667,0.500000
1928,0.666667,0.500000
1929,0.666667,0.500000
1930,0.666667,0.500000
1931,0.666667,0.500000
1932,0.666667,0.500000
1933,0.666667,0.500000
1934,0.666667,0.500000
1935,0.666667,0.500000
1936,0.666667,0.500000
1937,0.666667,0.500000
1938,0.666667,0.500000
1939,0.666667,0.500000
1940,0.666667,0.500000
1941,0.666667,0.500000
1942,0.666667,0.500000
1943,0.666667,0.500000
1944,0.666667,0.500000
1945,0.666667,0.500000
1946,0.666667,0.500000
1947,0.666667,0.500000
1948,0.666667,0.500000
1949,0.666667,0.500000
1950,0.666667,0.500000
1951,0.666667,0.500000
1952,0.666667,0.500000
1953,0.666667,0.500000
1954,0.666667,0.500000
1955,0.666667,0.500000
1956,0.666667,0.500000
1957,0.666667,0.500000
1958,0.666667,0.500000
1959,0.666667,0.500000
1960,0.666667,0.500000
1961,0.666667,0.500000
1962,0.666667,0.500000
1963,0.666667,0.500000
1964,0.666667,0.500000
1965,0.666667,0.500000
1966,0.666667,0.500000
1967,0.666667,0.500000
1968,0.666667,0.500000
1969,0.666667,0.500000
1970,0.666667,0.500000
1971,0.666667,0.500000
1972,0.666667,0.500000
1973,0.666667,0.500000
1974,0.666667,0.500000
1975,0.666667,0.500000
1976,0.666667,0.500000
1977,0.666667,0.500000
1978,0.666667,0.500000
1979,0.666667,0.500000
1980,0.666667,0.500000
1981,0.666667,0.500000
1982,0.666667,0.500000
1983,0.666667,0.500000
1984,0.666667,0.500000
1985,0.666667,0.500000
1986,0.666667,0.500000
1987,0.666667,0.500000
1988,0.666667,0.500000
1989,0.666667,0.500000
1990,0.666667,0.500000
1991,0.666667,0.500000
1992,0.666667,0.500000
1993,0.666667,0.500000
1994,0.666667,0.500000
1995,0.666667,0.500000
1996,0.666667,0.500000
1997,0.666667,0.500000
1998,0.666667,0.500000
1999,0.666667,0.500000
